sefer_id,tren_id,hat_id,planlanan_kalkis,yolcu_sayisi,bilet_kontrol_cihaz_versiyonu,makinist_sicil_no,yemek_servisi_var_mi,hava_durumu,gecikme_suresi_dk
SEFER-00001,TREN-129,HAT-05,16.03.2026 15:45,397,v2.1.0,M-9751,0,Sisli,27.9
SEFER-00002,TREN-151,HAT-10,07.04.2026 13:00,493,v2.4.1,M-4467,1,Sisli,17.0
SEFER-00003,TREN-142,HAT-06,2026-05-11 03:45:00,265,v1.0.4,M-6733,0,Karli,33.0
SEFER-00004,TREN-109,HAT-13,2026-06-13 15:00:00,152,v3.0.0,M-2874,0,Acik,9.7
SEFER-00005,TREN-160,HAT-12,2026-02-13 23:30:00,432,v2.4.1,M-2771,0,,1.2
SEFER-00006,TREN-140,HAT-10,2026-04-26 20:45:00,88,v1.0.4,M-5941,0,yagmurlu,19.7
SEFER-00007,TREN-173,HAT-13,2026-01-08 06:30:00,85,v3.0.0,M-9031,0,yagmurlu,-999.0
SEFER-00008,TREN-156,HAT-06,2026-04-19 17:45:00,425,v3.0.0,M-8616,1,yagmurlu,51.7
SEFER-00009,TREN-176,HAT-05,2026-02-25 06:15:00,280,v3.0.0,M-6511,0,Yagmurlu,21.9
SEFER-00010,TREN-164,HAT-14,2026-02-25 17:15:00,182,v2.4.1,M-1166,0,Karli,28.3
SEFER-00011,TREN-111,HAT-04,2026-05-04 03:45:00,403,v1.0.4,M-2524,1,Sisli,25.4
SEFER-00012,TREN-129,HAT-07,2026-04-29 07:15:00,292,v2.4.1,M-6764,1,yagmurlu,25.6
SEFER-00013,TREN-135,HAT-05,2026-02-13 03:15:00,111,v2.1.0,M-4138,0,,7.7
SEFER-00014,TREN-162,HAT-05,2026-05-04 21:30:00,201,v2.1.0,M-5494,0,Yagmurlu,12.5
SEFER-00015,TREN-107,HAT-09,2026-02-20 02:15:00,102,v3.0.0,M-6582,0,Acik,8.5
SEFER-00016,TREN-107,HAT-05,2026-06-10 20:45:00,,v1.0.4,M-3485,0,Sisli,15.8
SEFER-00017,TREN-173,HAT-05,2026-01-15 18:15:00,360,v3.0.0,M-8381,1,yagmurlu,33.6
SEFER-00018,TREN-139,HAT-14,2026-04-11 16:45:00,362,v2.1.0,M-5335,0,,1.0
SEFER-00019,TREN-121,HAT-04,2026-01-30 21:00:00,402,v2.4.1,M-5632,1,yagmurlu,14.3
SEFER-00020,TREN-110,HAT-11,2026-02-10 02:30:00,388,v2.1.0,M-5352,0,Yagmurlu,13.5
SEFER-00021,TREN-110,HAT-01,2026-01-29 13:30:00,197,v3.0.0,M-5460,1,Sisli,16.3
SEFER-00022,TREN-157,HAT-02,2026-04-13 07:00:00,359,v1.0.4,M-5415,0,Karli,25.3
SEFER-00023,TREN-123,HAT-08,2026-03-30 19:45:00,349,v1.0.4,M-8700,1,Sisli,35.1
SEFER-00024,TREN-153,HAT-06,2026-02-25 01:00:00,405,v1.0.4,M-8451,0,Sisli,18.4
SEFER-00025,TREN-141,HAT-05,2026-02-25 10:00:00,313,v3.0.0,M-1888,0,Acik,10.7
SEFER-00026,TREN-167,HAT-06,2026-04-17 12:45:00,154,v3.0.0,M-8941,0,Karli,23.0
SEFER-00027,TREN-104,HAT-11,2026-04-15 03:15:00,57,v1.0.4,M-8560,0,yagmurlu,13.2
SEFER-00028,TREN-120,HAT-08,2026-06-09 10:30:00,477,v2.1.0,M-7284,0,Sisli,54.2
SEFER-00029,TREN-177,HAT-09,2026-05-08 14:15:00,454,v2.4.1,M-1042,1,Sisli,19.2
SEFER-00030,TREN-139,HAT-14,2026-04-11 10:45:00,297,v3.0.0,M-8460,1,Karli,19.0
SEFER-00031,TREN-125,HAT-12,2026-02-11 00:45:00,72,v3.0.0,M-7325,0,Karli,28.7
SEFER-00032,TREN-164,HAT-01,2026-01-22 19:30:00,275,v2.1.0,M-7717,0,Acik,17.5
SEFER-00033,TREN-110,HAT-08,2026-05-14 15:30:00,382,v3.0.0,M-6188,1,Acik,19.1
SEFER-00034,TREN-170,HAT-01,2026-04-16 15:00:00,197,v1.0.4,M-2646,1,Yagmurlu,21.7
SEFER-00035,TREN-122,HAT-12,21.02.2026 08:00,200,v3.0.0,M-3950,0,Karli,29.7
SEFER-00036,TREN-123,HAT-02,2026-04-15 06:45:00,348,v3.0.0,M-5183,0,Yagmurlu,10.6
SEFER-00037,TREN-160,HAT-15,19.02.2026 08:15,350,v2.4.1,M-8484,1,Karli,35.2
SEFER-00038,TREN-126,HAT-07,2026-05-26 21:45:00,233,v1.0.4,M-7484,1,yagmurlu,11.5
SEFER-00039,TREN-102,HAT-10,2026-05-28 21:00:00,476,v2.4.1,M-4588,0,Karli,29.9
SEFER-00040,TREN-180,HAT-05,2026-04-26 22:15:00,380,v2.4.1,M-3153,0,Acik,3.7
SEFER-00041,TREN-138,HAT-06,2026-05-08 19:45:00,326,v2.1.0,M-5210,1,Karli,32.6
SEFER-00042,TREN-138,HAT-12,2026-05-29 19:30:00,88,v3.0.0,M-6992,0,Yagmurlu,32.0
SEFER-00043,TREN-151,HAT-01,2026-02-15 09:00:00,394,v2.4.1,M-2775,0,Karli,33.8
SEFER-00044,TREN-161,HAT-01,2026-04-16 23:30:00,82,v2.4.1,M-7689,0,,17.4
SEFER-00045,TREN-118,HAT-01,2026-06-11 17:00:00,99,v3.0.0,M-7078,1,Yagmurlu,39.8
SEFER-00046,TREN-176,HAT-12,2026-05-05 06:15:00,476,v2.4.1,M-1536,1,Sisli,24.6
SEFER-00047,TREN-128,HAT-08,2026-03-18 03:15:00,401,v2.4.1,M-1992,1,Karli,22.9
SEFER-00048,TREN-136,HAT-04,2026-06-15 11:00:00,96,v1.0.4,M-1828,1,,2.4
SEFER-00049,TREN-132,HAT-03,15.05.2026 13:15,156,v2.4.1,M-3417,0,yagmurlu,10.4
SEFER-00050,TREN-136,HAT-14,2026-01-25 22:15:00,106,v2.4.1,M-4898,1,,20.1
SEFER-00051,TREN-103,HAT-03,2026-02-15 12:00:00,108,v2.4.1,M-9408,0,,0.7
SEFER-00052,TREN-158,HAT-09,2026-02-08 01:00:00,387,v1.0.4,M-1996,1,yagmurlu,11.6
SEFER-00053,TREN-152,HAT-07,2026-04-28 08:00:00,87,v2.1.0,M-5505,1,Acik,13.9
SEFER-00054,TREN-149,HAT-10,2026-04-01 19:30:00,100,v2.1.0,M-8046,1,,11.2
SEFER-00055,TREN-130,HAT-07,2026-02-28 02:45:00,210,v2.1.0,M-8770,0,Sisli,18.7
SEFER-00056,TREN-112,HAT-14,2026-01-15 19:00:00,240,v2.4.1,M-3002,1,Yagmurlu,26.1
SEFER-00057,TREN-146,HAT-14,2026-04-24 19:45:00,197,v2.1.0,M-3535,1,yagmurlu,21.7
SEFER-00058,TREN-129,HAT-14,2026-01-19 17:30:00,440,v1.0.4,M-5381,0,Karli,33.5
SEFER-00059,TREN-124,HAT-05,2026-05-01 04:30:00,142,v2.1.0,M-1502,0,Yagmurlu,16.4
SEFER-00060,TREN-168,HAT-04,2026-03-06 10:45:00,209,v1.0.4,M-1861,0,,3.9
SEFER-00061,TREN-121,HAT-13,2026-04-16 16:00:00,388,v2.4.1,M-4531,0,Sisli,21.6
SEFER-00062,TREN-145,HAT-07,2026-01-20 04:30:00,319,v1.0.4,M-1125,0,,3.7
SEFER-00063,TREN-139,HAT-04,2026-05-12 05:15:00,111,v2.1.0,M-7229,0,Acik,6.9
SEFER-00064,TREN-165,HAT-09,23.05.2026 11:30,71,v2.4.1,M-8033,1,Sisli,15.2
SEFER-00065,TREN-154,HAT-05,20.01.2026 21:45,460,v2.4.1,M-2443,1,yagmurlu,14.2
SEFER-00066,TREN-114,HAT-04,2026-03-16 14:45:00,208,v2.1.0,M-2251,0,,4.1
SEFER-00067,TREN-168,HAT-09,2026-02-03 08:30:00,380,v2.1.0,M-3842,0,Yagmurlu,20.7
SEFER-00068,TREN-110,HAT-03,2026-06-12 14:45:00,346,v2.4.1,M-6179,0,Sisli,26.4
SEFER-00069,TREN-157,HAT-02,2026-03-22 06:45:00,352,v3.0.0,M-8404,0,Acik,4.3
SEFER-00070,TREN-108,HAT-06,23.05.2026 04:30,487,v3.0.0,M-1672,1,Acik,9.5
SEFER-00071,TREN-174,HAT-11,2026-02-02 09:30:00,81,v2.4.1,M-2381,0,Sisli,26.1
SEFER-00072,TREN-106,HAT-04,2026-05-02 00:45:00,362,v3.0.0,M-7697,1,Yagmurlu,12.5
SEFER-00073,TREN-177,HAT-01,15.05.2026 22:30,397,v2.1.0,M-6461,0,Sisli,18.3
SEFER-00074,TREN-175,HAT-11,2026-01-25 09:30:00,389,v1.0.4,M-6072,1,Sisli,26.4
SEFER-00075,TREN-143,HAT-14,2026-01-23 01:00:00,235,v2.1.0,M-6598,1,Acik,4.5
SEFER-00076,TREN-125,HAT-04,24.01.2026 17:15,101,v1.0.4,M-6517,0,yagmurlu,32.7
SEFER-00077,TREN-177,HAT-07,2026-01-27 13:15:00,369,v2.4.1,M-4891,1,Yagmurlu,20.8
SEFER-00078,TREN-179,HAT-05,2026-05-09 15:45:00,464,v3.0.0,M-8564,1,Sisli,38.4
SEFER-00079,TREN-149,HAT-09,2026-04-01 06:45:00,460,v3.0.0,M-7081,0,yagmurlu,9.5
SEFER-00080,TREN-167,HAT-14,22.01.2026 12:30,280,v2.1.0,M-8391,1,yagmurlu,9.6
SEFER-00081,TREN-104,HAT-07,2026-01-10 08:45:00,91,v1.0.4,M-6493,0,Karli,27.5
SEFER-00082,TREN-118,HAT-01,2026-02-19 05:45:00,411,v1.0.4,M-1311,1,Sisli,-999.0
SEFER-00083,TREN-128,HAT-14,2026-01-26 18:45:00,204,v3.0.0,M-2029,0,Acik,10.5
SEFER-00084,TREN-164,HAT-10,2026-04-02 17:00:00,417,v2.4.1,M-4941,1,Yagmurlu,-999.0
SEFER-00085,TREN-124,HAT-11,2026-04-25 07:00:00,319,v1.0.4,M-7397,1,yagmurlu,25.1
SEFER-00086,TREN-106,HAT-11,2026-03-08 06:30:00,-5,v1.0.4,M-6447,0,Karli,17.8
SEFER-00087,TREN-106,HAT-06,2026-04-04 10:30:00,448,v2.1.0,M-3209,0,,6.2
SEFER-00088,TREN-159,HAT-01,20.02.2026 07:15,71,v3.0.0,M-5150,0,Karli,52.1
SEFER-00089,TREN-125,HAT-05,2026-03-03 04:00:00,113,v3.0.0,M-7334,1,Karli,20.7
SEFER-00090,TREN-124,HAT-08,2026-04-29 08:45:00,186,v2.1.0,M-9937,1,Acik,23.0
SEFER-00091,TREN-142,HAT-02,2026-01-14 21:30:00,358,v2.4.1,M-8325,0,,5.6
SEFER-00092,TREN-146,HAT-10,2026-03-16 11:30:00,79,v2.1.0,M-1510,0,Acik,11.1
SEFER-00093,TREN-178,HAT-11,14.05.2026 14:45,,v1.0.4,M-3513,1,,4.6
SEFER-00094,TREN-148,HAT-06,2026-03-18 00:00:00,253,v1.0.4,M-1424,0,Karli,25.5
SEFER-00095,TREN-164,HAT-09,2026-03-08 07:00:00,278,v3.0.0,M-4279,0,Yagmurlu,74.2
SEFER-00096,TREN-118,HAT-14,2026-01-13 21:45:00,94,v2.4.1,M-2063,1,,34.3
SEFER-00097,TREN-139,HAT-14,2026-01-28 03:15:00,112,v3.0.0,M-1430,1,Yagmurlu,23.7
SEFER-00098,TREN-171,HAT-10,2026-03-05 05:45:00,363,v3.0.0,M-9612,1,Acik,0.7
SEFER-00099,TREN-153,HAT-14,2026-04-09 08:00:00,87,v2.1.0,M-3981,0,Sisli,31.3
SEFER-00100,TREN-156,HAT-09,2026-06-05 16:00:00,205,v2.1.0,M-6669,1,Yagmurlu,9.8
SEFER-00101,TREN-111,HAT-05,2026-02-03 18:30:00,323,v2.1.0,M-3804,1,Acik,17.0
SEFER-00102,TREN-173,HAT-01,22.05.2026 02:00,444,v3.0.0,M-1496,1,yagmurlu,11.1
SEFER-00103,TREN-170,HAT-05,2026-04-20 19:30:00,400,v1.0.4,M-3589,1,Sisli,28.5
SEFER-00104,TREN-154,HAT-08,2026-03-21 12:15:00,491,v2.4.1,M-7532,0,,3.8
SEFER-00105,TREN-148,HAT-09,2026-04-07 02:00:00,186,v2.4.1,M-7293,1,Sisli,17.8
SEFER-00106,TREN-132,HAT-14,2026-06-04 05:15:00,419,v3.0.0,M-9171,1,Karli,17.1
SEFER-00107,TREN-164,HAT-01,2026-01-16 14:45:00,160,v3.0.0,M-8710,1,yagmurlu,12.4
SEFER-00108,TREN-169,HAT-01,2026-05-25 20:00:00,422,v3.0.0,M-1838,0,Karli,29.4
SEFER-00109,TREN-147,HAT-09,2026-02-19 12:00:00,331,v1.0.4,M-3108,0,Karli,32.4
SEFER-00110,TREN-151,HAT-06,2026-05-16 21:30:00,123,v1.0.4,M-1742,0,Yagmurlu,17.2
SEFER-00111,TREN-118,HAT-12,2026-02-27 02:45:00,313,v2.1.0,M-7438,1,Yagmurlu,12.0
SEFER-00112,TREN-176,HAT-06,2026-03-28 19:45:00,467,v3.0.0,M-6040,0,Acik,14.6
SEFER-00113,TREN-177,HAT-08,2026-02-15 13:15:00,137,v3.0.0,M-3421,0,yagmurlu,17.9
SEFER-00114,TREN-105,HAT-10,2026-06-12 01:00:00,264,v3.0.0,M-2020,0,Yagmurlu,13.3
SEFER-00115,TREN-167,HAT-04,2026-04-06 23:30:00,242,v2.4.1,M-9950,1,Karli,46.4
SEFER-00116,TREN-134,HAT-10,2026-03-24 21:15:00,202,v2.4.1,M-4396,1,Yagmurlu,36.4
SEFER-00117,TREN-141,HAT-08,2026-03-01 18:30:00,328,v2.4.1,M-3399,1,Sisli,47.6
SEFER-00118,TREN-106,HAT-05,2026-06-13 06:00:00,181,v2.4.1,M-5450,0,,6.5
SEFER-00119,TREN-114,HAT-10,2026-05-07 16:15:00,321,v3.0.0,M-6411,1,Yagmurlu,18.2
SEFER-00120,TREN-113,HAT-11,12.05.2026 19:15,130,v3.0.0,M-8822,0,Sisli,35.6
SEFER-00121,TREN-137,HAT-06,2026-02-18 23:00:00,343,v1.0.4,M-3868,1,Yagmurlu,15.7
SEFER-00122,TREN-123,HAT-15,2026-06-07 04:00:00,303,v2.4.1,M-1613,0,Yagmurlu,35.6
SEFER-00123,TREN-139,HAT-10,2026-04-14 02:00:00,282,v2.1.0,M-9261,1,,7.8
SEFER-00124,TREN-135,HAT-04,2026-05-19 06:00:00,381,v2.4.1,M-5833,0,Karli,-999.0
SEFER-00125,TREN-123,HAT-10,2026-05-27 08:45:00,94,v2.1.0,M-8822,1,Sisli,36.1
SEFER-00126,TREN-132,HAT-01,2026-02-14 18:45:00,218,v2.4.1,M-6890,0,Karli,33.7
SEFER-00127,TREN-108,HAT-11,2026-01-21 10:45:00,307,v2.4.1,M-7021,0,,14.7
SEFER-00128,TREN-129,HAT-03,2026-03-23 20:15:00,241,v2.1.0,M-5054,0,Sisli,27.1
SEFER-00129,TREN-168,HAT-08,01.04.2026 09:30,81,v2.1.0,M-3695,1,yagmurlu,41.3
SEFER-00130,TREN-167,HAT-08,2026-01-21 02:15:00,311,v3.0.0,M-8484,0,Sisli,31.5
SEFER-00131,TREN-172,HAT-08,2026-04-26 01:30:00,468,v1.0.4,M-7941,1,Acik,13.7
SEFER-00132,TREN-109,HAT-09,2026-01-11 12:00:00,196,v3.0.0,M-7135,1,Sisli,17.0
SEFER-00133,TREN-158,HAT-14,2026-06-06 18:45:00,388,v1.0.4,M-3924,1,yagmurlu,19.4
SEFER-00134,TREN-168,HAT-03,2026-05-05 11:15:00,202,v3.0.0,M-4762,0,Sisli,26.2
SEFER-00135,TREN-159,HAT-06,2026-01-27 17:30:00,441,v1.0.4,M-4943,0,Acik,10.3
SEFER-00136,TREN-109,HAT-02,2026-04-12 14:00:00,496,v3.0.0,M-4839,0,Acik,2.8
SEFER-00137,TREN-108,HAT-03,2026-03-28 05:30:00,344,v2.4.1,M-4881,1,Karli,23.6
SEFER-00138,TREN-119,HAT-11,2026-03-31 05:15:00,335,v3.0.0,M-9120,0,yagmurlu,29.2
SEFER-00139,TREN-145,HAT-11,2026-04-25 19:45:00,263,v3.0.0,M-4948,0,Sisli,26.6
SEFER-00140,TREN-139,HAT-14,2026-05-02 00:15:00,337,v2.1.0,M-7363,0,Sisli,49.4
SEFER-00141,TREN-133,HAT-04,2026-02-26 14:00:00,97,v2.4.1,M-7179,0,yagmurlu,20.9
SEFER-00142,TREN-110,HAT-04,2026-05-18 13:15:00,220,v2.1.0,M-2922,1,Karli,46.5
SEFER-00143,TREN-132,HAT-12,2026-04-14 09:15:00,214,v2.4.1,M-6053,1,Karli,29.8
SEFER-00144,TREN-147,HAT-09,2026-05-31 21:45:00,419,v2.1.0,M-7073,1,Sisli,29.3
SEFER-00145,TREN-153,HAT-01,2026-04-07 06:15:00,-36,v2.1.0,M-4214,1,yagmurlu,16.7
SEFER-00146,TREN-130,HAT-07,2026-04-08 11:15:00,400,v3.0.0,M-8550,0,Karli,18.0
SEFER-00147,TREN-146,HAT-03,2026-01-25 03:45:00,378,v1.0.4,M-1794,0,Acik,7.4
SEFER-00148,TREN-153,HAT-03,25.05.2026 01:15,161,v3.0.0,M-8993,0,yagmurlu,14.1
SEFER-00149,TREN-101,HAT-09,05.04.2026 09:45,190,v3.0.0,M-3937,0,yagmurlu,55.9
SEFER-00150,TREN-113,HAT-09,2026-01-26 15:15:00,467,v2.4.1,M-7652,1,Karli,18.1
SEFER-00151,TREN-173,HAT-04,2026-04-30 05:15:00,91,v1.0.4,M-2531,1,,47.9
SEFER-00152,TREN-149,HAT-07,05.04.2026 13:45,-11,v2.4.1,M-2562,0,Acik,6.9
SEFER-00153,TREN-130,HAT-04,2026-06-04 01:45:00,400,v1.0.4,M-3938,1,Karli,38.0
SEFER-00154,TREN-103,HAT-04,2026-04-11 10:15:00,253,v3.0.0,M-9856,1,Acik,3.6
SEFER-00155,TREN-150,HAT-13,2026-05-07 11:15:00,90,v1.0.4,M-8161,0,yagmurlu,21.7
SEFER-00156,TREN-110,HAT-06,2026-04-14 12:45:00,374,v2.1.0,M-6829,1,Karli,30.3
SEFER-00157,TREN-156,HAT-03,27.04.2026 06:45,458,v2.1.0,M-7225,0,Yagmurlu,20.5
SEFER-00158,TREN-150,HAT-06,03.03.2026 19:00,277,v1.0.4,M-4070,1,Karli,39.3
SEFER-00159,TREN-158,HAT-09,2026-04-05 22:45:00,333,v3.0.0,M-1202,1,Acik,9.1
SEFER-00160,TREN-153,HAT-07,2026-05-14 05:00:00,174,v2.1.0,M-3274,1,yagmurlu,15.4
SEFER-00161,TREN-139,HAT-05,26.03.2026 09:15,265,v2.4.1,M-5040,1,Karli,31.6
SEFER-00162,TREN-177,HAT-10,2026-02-03 14:45:00,252,v2.4.1,M-8212,1,Karli,33.4
SEFER-00163,TREN-156,HAT-14,2026-05-21 19:15:00,405,v3.0.0,M-6228,1,Yagmurlu,24.5
SEFER-00164,TREN-163,HAT-10,2026-05-14 16:15:00,452,v2.1.0,M-9939,0,Sisli,19.5
SEFER-00165,TREN-171,HAT-01,2026-06-12 21:45:00,458,v3.0.0,M-9180,0,Karli,32.8
SEFER-00166,TREN-139,HAT-04,2026-02-13 08:15:00,87,v3.0.0,M-9755,1,Sisli,71.8
SEFER-00167,TREN-170,HAT-01,2026-05-16 04:30:00,354,v2.1.0,M-6816,0,,24.6
SEFER-00168,TREN-179,HAT-01,2026-04-07 08:45:00,457,v2.1.0,M-9366,0,Sisli,26.1
SEFER-00169,TREN-158,HAT-06,2026-03-09 00:45:00,306,v1.0.4,M-5840,1,Yagmurlu,12.2
SEFER-00170,TREN-111,HAT-02,2026-05-23 03:15:00,451,v1.0.4,M-8178,1,Yagmurlu,15.4
SEFER-00171,TREN-141,HAT-02,2026-02-21 11:00:00,484,v2.1.0,M-4996,0,Karli,25.4
SEFER-00172,TREN-171,HAT-03,2026-02-26 17:45:00,257,v3.0.0,M-7481,0,,12.0
SEFER-00173,TREN-179,HAT-15,2026-02-03 22:45:00,410,v1.0.4,M-2667,0,Yagmurlu,10.3
SEFER-00174,TREN-147,HAT-06,2026-02-03 21:45:00,300,v3.0.0,M-7431,0,yagmurlu,41.8
SEFER-00175,TREN-145,HAT-06,2026-05-25 13:45:00,411,v2.1.0,M-6131,0,Karli,40.1
SEFER-00176,TREN-131,HAT-05,2026-01-21 05:15:00,248,v3.0.0,M-4043,1,Sisli,24.1
SEFER-00177,TREN-169,HAT-12,2026-06-07 02:15:00,121,v1.0.4,M-6882,0,Yagmurlu,11.8
SEFER-00178,TREN-163,HAT-03,2026-02-03 13:45:00,303,v3.0.0,M-9006,0,Sisli,26.5
SEFER-00179,TREN-111,HAT-10,2026-01-06 12:15:00,325,v3.0.0,M-9369,0,Karli,16.8
SEFER-00180,TREN-174,HAT-02,2026-02-15 23:30:00,439,v3.0.0,M-2677,0,,5.8
SEFER-00181,TREN-139,HAT-14,2026-01-06 18:45:00,94,v2.1.0,M-4438,1,Sisli,45.0
SEFER-00182,TREN-179,HAT-11,2026-03-15 07:15:00,466,v2.4.1,M-9827,0,Yagmurlu,34.4
SEFER-00183,TREN-142,HAT-12,2026-02-20 04:30:00,313,v3.0.0,M-1971,1,,16.9
SEFER-00184,TREN-117,HAT-12,2026-05-29 01:15:00,474,v3.0.0,M-3329,1,Yagmurlu,22.3
SEFER-00185,TREN-154,HAT-07,2026-03-19 09:00:00,97,v2.4.1,M-8449,1,Sisli,32.2
SEFER-00186,TREN-142,HAT-10,2026-01-01 16:00:00,390,v3.0.0,M-4568,1,,4.4
SEFER-00187,TREN-128,HAT-08,2026-02-16 01:30:00,345,v2.4.1,M-1793,0,Yagmurlu,16.4
SEFER-00188,TREN-113,HAT-11,15.05.2026 00:45,130,v3.0.0,M-4314,0,Sisli,21.1
SEFER-00189,TREN-139,HAT-03,30.05.2026 11:30,92,v1.0.4,M-7493,1,Karli,25.9
SEFER-00190,TREN-130,HAT-07,2026-04-23 02:00:00,-31,v3.0.0,M-1152,0,Acik,1.4
SEFER-00191,TREN-144,HAT-14,2026-01-21 19:45:00,167,v1.0.4,M-6133,1,Sisli,25.9
SEFER-00192,TREN-139,HAT-03,2026-03-07 13:15:00,85,v2.1.0,M-8210,1,yagmurlu,16.3
SEFER-00193,TREN-128,HAT-11,2026-05-08 22:15:00,276,v1.0.4,M-7291,1,Yagmurlu,8.9
SEFER-00194,TREN-155,HAT-06,2026-05-16 06:15:00,177,v2.4.1,M-1439,1,yagmurlu,17.2
SEFER-00195,TREN-127,HAT-09,2026-04-14 19:15:00,77,v3.0.0,M-2163,0,Yagmurlu,24.8
SEFER-00196,TREN-147,HAT-15,2026-02-24 06:15:00,265,v3.0.0,M-2195,0,Karli,22.9
SEFER-00197,TREN-176,HAT-02,2026-01-03 14:30:00,454,v3.0.0,M-7939,1,Sisli,22.1
SEFER-00198,TREN-111,HAT-11,2026-04-02 19:15:00,311,v2.4.1,M-7401,0,Yagmurlu,54.6
SEFER-00199,TREN-140,HAT-12,16.03.2026 21:15,272,v2.4.1,M-3877,0,Acik,6.0
SEFER-00200,TREN-102,HAT-12,2026-01-24 16:00:00,317,v2.1.0,M-7092,0,yagmurlu,23.3
SEFER-00201,TREN-135,HAT-12,2026-06-01 12:00:00,,v1.0.4,M-9128,1,Sisli,18.2
SEFER-00202,TREN-166,HAT-06,2026-01-10 17:45:00,130,v1.0.4,M-4742,0,Karli,39.8
SEFER-00203,TREN-106,HAT-14,2026-05-28 12:00:00,246,v1.0.4,M-7870,0,Yagmurlu,10.0
SEFER-00204,TREN-142,HAT-04,2026-03-13 06:30:00,240,v2.1.0,M-4656,0,Acik,7.0
SEFER-00205,TREN-152,HAT-02,2026-05-30 22:45:00,209,v2.4.1,M-4287,1,Karli,15.9
SEFER-00206,TREN-173,HAT-13,2026-02-22 02:15:00,302,v2.1.0,M-3466,0,Yagmurlu,21.2
SEFER-00207,TREN-153,HAT-01,2026-02-10 00:30:00,54,v2.4.1,M-2703,0,Karli,15.0
SEFER-00208,TREN-168,HAT-04,2026-03-13 21:45:00,122,v2.1.0,M-9515,1,,3.3
SEFER-00209,TREN-148,HAT-08,2026-06-16 13:00:00,376,v3.0.0,M-3141,0,Sisli,15.8
SEFER-00210,TREN-138,HAT-05,2026-05-26 11:30:00,475,v2.1.0,M-2223,0,,3.9
SEFER-00211,TREN-118,HAT-13,2026-05-12 16:00:00,288,v2.1.0,M-8404,1,Karli,20.2
SEFER-00212,TREN-160,HAT-05,26.05.2026 17:00,205,v2.4.1,M-3430,0,,21.9
SEFER-00213,TREN-132,HAT-06,2026-03-09 21:00:00,139,v2.1.0,M-2551,1,Acik,30.4
SEFER-00214,TREN-114,HAT-13,2026-05-16 17:15:00,,v2.4.1,M-2376,1,Yagmurlu,19.4
SEFER-00215,TREN-110,HAT-01,2026-01-12 06:15:00,115,v2.4.1,M-3007,0,Acik,23.5
SEFER-00216,TREN-160,HAT-01,2026-01-29 22:45:00,65,v2.1.0,M-4066,1,Sisli,26.5
SEFER-00217,TREN-136,HAT-08,01.06.2026 00:15,175,v3.0.0,M-1999,0,,3.5
SEFER-00218,TREN-136,HAT-07,2026-01-24 16:45:00,319,v1.0.4,M-7266,1,Yagmurlu,18.0
SEFER-00219,TREN-162,HAT-09,2026-05-14 14:45:00,214,v2.1.0,M-1480,1,Sisli,18.2
SEFER-00220,TREN-108,HAT-13,2026-03-22 18:30:00,131,v1.0.4,M-4594,1,Acik,12.8
SEFER-00221,TREN-146,HAT-15,2026-05-24 11:15:00,462,v1.0.4,M-6761,0,,12.0
SEFER-00222,TREN-173,HAT-04,2026-05-24 01:45:00,69,v1.0.4,M-9625,1,Acik,0.6
SEFER-00223,TREN-101,HAT-06,2026-06-06 21:15:00,140,v2.1.0,M-2817,1,Karli,15.6
SEFER-00224,TREN-110,HAT-06,2026-05-01 11:45:00,215,v3.0.0,M-8982,1,Yagmurlu,45.2
SEFER-00225,TREN-123,HAT-12,2026-06-15 13:30:00,139,v2.1.0,M-3911,0,Sisli,18.7
SEFER-00226,TREN-174,HAT-07,2026-05-26 10:00:00,464,v3.0.0,M-3304,1,yagmurlu,10.5
SEFER-00227,TREN-110,HAT-04,2026-03-01 10:30:00,95,v2.4.1,M-8317,0,,11.1
SEFER-00228,TREN-134,HAT-04,2026-02-12 20:00:00,418,v3.0.0,M-3725,1,Acik,0.5
SEFER-00229,TREN-164,HAT-15,2026-03-06 21:30:00,295,v2.1.0,M-8393,0,yagmurlu,18.5
SEFER-00230,TREN-105,HAT-05,2026-01-04 16:30:00,225,v1.0.4,M-9962,0,Yagmurlu,29.9
SEFER-00231,TREN-144,HAT-10,2026-04-15 23:45:00,384,v1.0.4,M-2659,1,Yagmurlu,17.3
SEFER-00232,TREN-127,HAT-04,2026-03-12 02:30:00,99,v3.0.0,M-3516,0,Acik,5.0
SEFER-00233,TREN-147,HAT-01,2026-03-15 05:00:00,357,v2.1.0,M-5781,0,Sisli,17.2
SEFER-00234,TREN-161,HAT-14,2026-01-20 23:30:00,388,v2.1.0,M-7078,1,Karli,16.0
SEFER-00235,TREN-148,HAT-03,2026-03-18 07:00:00,165,v1.0.4,M-2404,1,Karli,33.3
SEFER-00236,TREN-170,HAT-07,2026-06-15 22:15:00,469,v3.0.0,M-4860,1,yagmurlu,13.4
SEFER-00237,TREN-139,HAT-02,2026-03-09 15:00:00,459,v1.0.4,M-8357,0,yagmurlu,19.3
SEFER-00238,TREN-122,HAT-04,2026-05-19 05:15:00,399,v2.1.0,M-5225,1,Sisli,17.3
SEFER-00239,TREN-109,HAT-02,2026-03-08 11:45:00,316,v3.0.0,M-2843,1,Sisli,-999.0
SEFER-00240,TREN-120,HAT-03,2026-04-07 22:00:00,101,v3.0.0,M-5327,1,Karli,35.2
SEFER-00241,TREN-163,HAT-10,15.04.2026 04:45,123,v1.0.4,M-7484,1,yagmurlu,17.4
SEFER-00242,TREN-131,HAT-01,2026-05-08 12:45:00,60,v2.4.1,M-9054,0,Karli,32.0
SEFER-00243,TREN-130,HAT-03,2026-02-21 12:45:00,423,v3.0.0,M-4463,1,Sisli,24.3
SEFER-00244,TREN-163,HAT-13,2026-03-30 09:30:00,131,v2.1.0,M-9589,0,Acik,13.7
SEFER-00245,TREN-123,HAT-04,2026-05-30 14:15:00,283,v2.4.1,M-7035,1,Acik,25.0
SEFER-00246,TREN-165,HAT-07,2026-04-19 16:00:00,300,v3.0.0,M-6730,1,yagmurlu,13.9
SEFER-00247,TREN-121,HAT-14,2026-06-02 21:30:00,195,v2.1.0,M-4626,0,Acik,4.9
SEFER-00248,TREN-127,HAT-05,2026-04-22 10:45:00,442,v2.1.0,M-1138,0,,0.1
SEFER-00249,TREN-133,HAT-10,2026-05-18 15:30:00,190,v3.0.0,M-5128,0,Sisli,37.6
SEFER-00250,TREN-160,HAT-05,2026-04-26 19:45:00,-43,v2.4.1,M-5890,0,Karli,33.2
SEFER-00251,TREN-162,HAT-02,2026-02-27 15:30:00,183,v2.4.1,M-4086,0,,12.4
SEFER-00252,TREN-167,HAT-13,2026-02-11 06:00:00,357,v1.0.4,M-9148,1,Sisli,25.8
SEFER-00253,TREN-134,HAT-15,2026-03-13 16:45:00,,v2.4.1,M-4643,1,,52.5
SEFER-00254,TREN-146,HAT-09,2026-02-21 11:15:00,142,v2.4.1,M-3999,1,Karli,16.0
SEFER-00255,TREN-112,HAT-04,2026-03-02 21:15:00,453,v3.0.0,M-2929,1,Karli,19.6
SEFER-00256,TREN-107,HAT-14,2026-04-19 12:00:00,111,v1.0.4,M-3470,0,,4.8
SEFER-00257,TREN-126,HAT-06,2026-03-12 02:45:00,142,v2.1.0,M-6134,0,Acik,6.7
SEFER-00258,TREN-101,HAT-08,2026-02-16 22:15:00,441,v1.0.4,M-3120,1,Yagmurlu,14.7
SEFER-00259,TREN-155,HAT-07,2026-03-15 11:45:00,,v2.4.1,M-9700,0,Yagmurlu,21.1
SEFER-00260,TREN-103,HAT-11,2026-01-01 22:15:00,209,v2.4.1,M-3736,0,Yagmurlu,9.1
SEFER-00261,TREN-106,HAT-05,2026-06-12 02:30:00,318,v2.1.0,M-6615,1,Karli,20.7
SEFER-00262,TREN-146,HAT-13,2026-02-02 09:15:00,256,v2.1.0,M-4460,0,Acik,12.6
SEFER-00263,TREN-176,HAT-09,2026-01-30 02:00:00,69,v1.0.4,M-1785,0,Sisli,35.9
SEFER-00264,TREN-103,HAT-01,2026-04-28 23:00:00,330,v1.0.4,M-5933,1,Karli,21.4
SEFER-00265,TREN-113,HAT-11,2026-03-31 01:30:00,264,v2.4.1,M-2867,0,Acik,7.2
SEFER-00266,TREN-164,HAT-04,2026-04-15 04:15:00,153,v1.0.4,M-9980,1,Karli,27.2
SEFER-00267,TREN-127,HAT-12,2026-06-09 12:45:00,-43,v3.0.0,M-3443,0,Acik,23.7
SEFER-00268,TREN-166,HAT-02,2026-05-04 17:00:00,283,v2.1.0,M-1646,1,Karli,28.1
SEFER-00269,TREN-147,HAT-13,2026-04-26 18:30:00,485,v2.1.0,M-6384,1,Acik,10.1
SEFER-00270,TREN-157,HAT-10,2026-02-16 00:00:00,108,v3.0.0,M-8835,1,Sisli,20.1
SEFER-00271,TREN-122,HAT-02,2026-01-23 20:00:00,103,v3.0.0,M-3969,1,Sisli,39.2
SEFER-00272,TREN-146,HAT-10,2026-01-06 04:15:00,260,v2.4.1,M-1202,0,Sisli,15.5
SEFER-00273,TREN-144,HAT-09,2026-03-31 12:00:00,296,v2.1.0,M-1894,0,Karli,25.9
SEFER-00274,TREN-121,HAT-09,2026-05-26 02:45:00,88,v2.4.1,M-1824,0,Sisli,18.9
SEFER-00275,TREN-171,HAT-11,2026-03-06 20:45:00,277,v3.0.0,M-6178,0,yagmurlu,13.9
SEFER-00276,TREN-164,HAT-12,2026-04-22 18:00:00,335,v2.4.1,M-9328,0,yagmurlu,18.0
SEFER-00277,TREN-159,HAT-06,2026-03-04 06:00:00,219,v2.4.1,M-8414,0,yagmurlu,22.6
SEFER-00278,TREN-113,HAT-13,23.04.2026 16:15,374,v1.0.4,M-1750,0,Karli,22.9
SEFER-00279,TREN-164,HAT-03,2026-05-21 12:45:00,146,v3.0.0,M-4122,1,Acik,26.6
SEFER-00280,TREN-114,HAT-13,2026-03-12 23:00:00,351,v2.1.0,M-9172,0,Acik,14.8
SEFER-00281,TREN-168,HAT-12,2026-01-09 12:45:00,310,v2.1.0,M-2696,1,Yagmurlu,19.8
SEFER-00282,TREN-177,HAT-10,2026-05-31 21:30:00,361,v2.4.1,M-5819,1,,14.4
SEFER-00283,TREN-118,HAT-03,2026-03-12 16:30:00,210,v2.1.0,M-4291,0,,13.3
SEFER-00284,TREN-180,HAT-12,2026-02-19 20:30:00,413,v2.4.1,M-2890,1,,37.0
SEFER-00285,TREN-172,HAT-08,2026-04-10 17:45:00,323,v1.0.4,M-9564,0,Karli,46.0
SEFER-00286,TREN-104,HAT-07,2026-01-26 01:00:00,434,v2.1.0,M-2016,1,Yagmurlu,49.1
SEFER-00287,TREN-127,HAT-13,2026-04-03 14:00:00,365,v3.0.0,M-4892,1,,13.5
SEFER-00288,TREN-107,HAT-15,2026-03-07 08:45:00,400,v2.4.1,M-4327,1,Karli,58.8
SEFER-00289,TREN-129,HAT-15,2026-04-19 09:30:00,358,v2.4.1,M-8353,0,Yagmurlu,33.0
SEFER-00290,TREN-110,HAT-03,2026-06-14 12:15:00,70,v2.1.0,M-5178,0,Sisli,18.3
SEFER-00291,TREN-143,HAT-08,02.05.2026 08:15,355,v2.4.1,M-9037,1,Acik,24.9
SEFER-00292,TREN-110,HAT-13,2026-05-02 00:30:00,316,v3.0.0,M-2506,1,Acik,15.4
SEFER-00293,TREN-129,HAT-15,2026-02-06 15:30:00,435,v1.0.4,M-2879,1,yagmurlu,15.6
SEFER-00294,TREN-158,HAT-04,2026-06-04 14:15:00,214,v3.0.0,M-5203,1,Sisli,39.8
SEFER-00295,TREN-104,HAT-15,2026-03-30 11:30:00,299,v2.4.1,M-9419,0,Acik,3.5
SEFER-00296,TREN-113,HAT-03,2026-06-16 01:00:00,372,v1.0.4,M-4368,1,Yagmurlu,28.0
SEFER-00297,TREN-110,HAT-12,28.04.2026 08:15,69,v2.4.1,M-2154,0,Acik,10.8
SEFER-00298,TREN-134,HAT-07,2026-03-08 11:45:00,58,v1.0.4,M-1745,0,Sisli,26.2
SEFER-00299,TREN-146,HAT-15,2026-03-28 01:00:00,360,v3.0.0,M-7473,0,Acik,3.3
SEFER-00300,TREN-161,HAT-03,2026-04-02 07:15:00,458,v2.4.1,M-7113,0,yagmurlu,21.5
SEFER-00301,TREN-171,HAT-14,2026-04-05 23:15:00,-39,v2.4.1,M-4441,1,Sisli,22.7
SEFER-00302,TREN-128,HAT-07,2026-06-04 19:15:00,477,v1.0.4,M-9992,1,Karli,27.2
SEFER-00303,TREN-171,HAT-02,2026-02-19 20:00:00,347,v2.1.0,M-2639,1,Sisli,45.3
SEFER-00304,TREN-180,HAT-02,2026-06-03 20:15:00,365,v2.4.1,M-6182,1,,3.6
SEFER-00305,TREN-122,HAT-01,2026-02-23 16:15:00,378,v2.4.1,M-8863,1,Sisli,18.2
SEFER-00306,TREN-158,HAT-06,2026-05-13 11:30:00,380,v2.1.0,M-9824,0,yagmurlu,8.9
SEFER-00307,TREN-134,HAT-12,2026-06-01 12:00:00,484,v3.0.0,M-4485,0,yagmurlu,18.0
SEFER-00308,TREN-171,HAT-05,2026-04-04 00:45:00,250,v2.4.1,M-3193,1,Yagmurlu,30.2
SEFER-00309,TREN-165,HAT-09,2026-01-16 16:45:00,-16,v2.1.0,M-8310,0,yagmurlu,19.5
SEFER-00310,TREN-123,HAT-10,2026-06-12 03:15:00,233,v1.0.4,M-5331,1,Acik,2.5
SEFER-00311,TREN-130,HAT-01,2026-04-25 08:15:00,248,v1.0.4,M-6309,0,Sisli,50.0
SEFER-00312,TREN-167,HAT-11,2026-05-22 20:30:00,328,v2.4.1,M-2275,1,yagmurlu,9.9
SEFER-00313,TREN-149,HAT-15,2026-02-08 06:45:00,299,v2.1.0,M-8207,0,Sisli,-999.0
SEFER-00314,TREN-130,HAT-02,2026-03-30 01:30:00,235,v2.1.0,M-7793,1,yagmurlu,20.6
SEFER-00315,TREN-115,HAT-08,2026-04-26 11:45:00,381,v2.1.0,M-3207,0,Sisli,15.2
SEFER-00316,TREN-174,HAT-03,2026-01-10 19:15:00,257,v2.4.1,M-2404,0,yagmurlu,52.8
SEFER-00317,TREN-158,HAT-10,2026-03-22 16:45:00,357,v2.1.0,M-9369,1,Yagmurlu,23.8
SEFER-00318,TREN-122,HAT-12,2026-04-28 06:30:00,85,v1.0.4,M-4315,1,Yagmurlu,12.8
SEFER-00319,TREN-120,HAT-10,2026-01-17 16:15:00,69,v3.0.0,M-3135,0,yagmurlu,15.0
SEFER-00320,TREN-156,HAT-09,2026-03-14 01:30:00,269,v3.0.0,M-6742,0,Yagmurlu,35.9
SEFER-00321,TREN-155,HAT-03,2026-02-13 16:45:00,92,v2.4.1,M-4096,0,Karli,24.1
SEFER-00322,TREN-101,HAT-10,2026-03-31 10:00:00,155,v1.0.4,M-3535,1,,16.3
SEFER-00323,TREN-175,HAT-05,2026-02-14 20:45:00,398,v3.0.0,M-3928,1,Sisli,29.1
SEFER-00324,TREN-172,HAT-09,2026-03-24 19:30:00,446,v1.0.4,M-4764,1,,15.1
SEFER-00325,TREN-121,HAT-02,2026-02-06 20:45:00,364,v3.0.0,M-1086,0,,11.5
SEFER-00326,TREN-119,HAT-08,08.06.2026 06:45,239,v3.0.0,M-9536,1,Acik,9.4
SEFER-00327,TREN-177,HAT-01,2026-06-11 15:15:00,153,v2.1.0,M-1550,0,,26.7
SEFER-00328,TREN-179,HAT-03,2026-04-26 06:00:00,130,v2.4.1,M-7474,1,Acik,57.5
SEFER-00329,TREN-176,HAT-04,2026-03-30 14:00:00,,v2.4.1,M-6693,1,Acik,8.0
SEFER-00330,TREN-129,HAT-10,2026-06-14 14:15:00,52,v1.0.4,M-9243,1,Karli,16.9
SEFER-00331,TREN-144,HAT-02,2026-05-18 06:30:00,344,v3.0.0,M-4985,1,Karli,26.8
SEFER-00332,TREN-159,HAT-11,2026-03-20 21:00:00,245,v2.1.0,M-6172,1,,15.5
SEFER-00333,TREN-146,HAT-09,2026-04-02 16:00:00,197,v2.4.1,M-2245,0,Acik,5.1
SEFER-00334,TREN-161,HAT-06,2026-03-02 14:15:00,432,v2.1.0,M-4847,0,,26.6
SEFER-00335,TREN-134,HAT-04,2026-02-09 08:15:00,232,v1.0.4,M-9071,0,Yagmurlu,33.1
SEFER-00336,TREN-170,HAT-01,2026-05-25 23:45:00,344,v2.4.1,M-7518,0,Karli,21.7
SEFER-00337,TREN-174,HAT-03,2026-01-10 11:45:00,307,v2.1.0,M-8490,0,Karli,20.0
SEFER-00338,TREN-167,HAT-08,24.02.2026 02:00,347,v2.4.1,M-4066,1,Acik,3.9
SEFER-00339,TREN-131,HAT-05,2026-03-22 16:30:00,157,v3.0.0,M-5581,1,Sisli,27.1
SEFER-00340,TREN-124,HAT-10,2026-01-23 15:15:00,461,v2.1.0,M-3389,0,Yagmurlu,16.1
SEFER-00341,TREN-161,HAT-13,2026-01-02 21:15:00,484,v3.0.0,M-5915,1,,7.3
SEFER-00342,TREN-172,HAT-14,2026-04-08 03:00:00,80,v1.0.4,M-8370,1,Yagmurlu,24.8
SEFER-00343,TREN-134,HAT-06,2026-03-03 17:30:00,229,v2.1.0,M-5663,1,,43.0
SEFER-00344,TREN-142,HAT-11,2026-03-29 08:45:00,90,v2.1.0,M-3745,1,Sisli,34.5
SEFER-00345,TREN-154,HAT-11,2026-04-15 18:45:00,132,v2.4.1,M-5382,1,Karli,27.6
SEFER-00346,TREN-135,HAT-15,2026-03-18 04:30:00,280,v2.1.0,M-4844,1,Sisli,16.8
SEFER-00347,TREN-111,HAT-04,2026-01-29 17:45:00,,v3.0.0,M-9584,0,Sisli,33.0
SEFER-00348,TREN-114,HAT-05,16.04.2026 17:15,249,v3.0.0,M-3071,0,Karli,27.6
SEFER-00349,TREN-168,HAT-14,30.01.2026 08:00,216,v2.4.1,M-9987,1,Sisli,31.3
SEFER-00350,TREN-118,HAT-12,2026-04-03 06:15:00,433,v2.4.1,M-6688,1,,21.0
SEFER-00351,TREN-170,HAT-04,2026-05-18 14:00:00,183,v2.1.0,M-6634,1,Yagmurlu,-999.0
SEFER-00352,TREN-161,HAT-09,2026-01-02 16:45:00,54,v1.0.4,M-9981,1,Sisli,31.0
SEFER-00353,TREN-125,HAT-07,2026-05-31 19:45:00,427,v2.4.1,M-2297,1,,14.9
SEFER-00354,TREN-131,HAT-09,2026-05-11 17:30:00,464,v2.1.0,M-3238,1,Karli,30.3
SEFER-00355,TREN-115,HAT-11,2026-03-19 23:45:00,146,v1.0.4,M-4046,0,Karli,15.2
SEFER-00356,TREN-137,HAT-05,2026-01-22 14:45:00,127,v2.4.1,M-9165,1,Acik,6.8
SEFER-00357,TREN-160,HAT-12,2026-05-16 07:00:00,124,v3.0.0,M-3975,0,Acik,13.1
SEFER-00358,TREN-133,HAT-14,2026-03-07 08:00:00,177,v1.0.4,M-4263,1,Sisli,39.8
SEFER-00359,TREN-113,HAT-09,2026-04-24 21:15:00,209,v1.0.4,M-5150,1,Karli,16.7
SEFER-00360,TREN-139,HAT-04,2026-03-03 18:00:00,107,v2.1.0,M-5523,0,Yagmurlu,28.0
SEFER-00361,TREN-151,HAT-13,2026-02-11 17:00:00,403,v1.0.4,M-5075,0,Sisli,36.7
SEFER-00362,TREN-164,HAT-02,2026-04-28 07:30:00,370,v1.0.4,M-3061,1,Acik,10.6
SEFER-00363,TREN-130,HAT-06,2026-04-06 13:30:00,148,v2.1.0,M-5107,0,Acik,11.7
SEFER-00364,TREN-163,HAT-12,2026-03-16 22:30:00,340,v3.0.0,M-5510,0,Yagmurlu,15.8
SEFER-00365,TREN-109,HAT-09,2026-01-27 16:45:00,237,v3.0.0,M-4039,0,Sisli,15.0
SEFER-00366,TREN-180,HAT-14,2026-03-04 09:15:00,,v3.0.0,M-3525,1,yagmurlu,35.1
SEFER-00367,TREN-142,HAT-07,2026-04-20 15:30:00,84,v1.0.4,M-4310,0,Acik,18.0
SEFER-00368,TREN-163,HAT-04,2026-01-18 02:00:00,386,v2.4.1,M-1804,1,Sisli,22.5
SEFER-00369,TREN-129,HAT-10,03.05.2026 18:00,385,v3.0.0,M-1994,1,Sisli,51.4
SEFER-00370,TREN-172,HAT-12,2026-06-10 09:45:00,79,v1.0.4,M-5979,0,yagmurlu,21.1
SEFER-00371,TREN-128,HAT-09,2026-01-17 19:00:00,147,v2.1.0,M-7802,0,Yagmurlu,25.5
SEFER-00372,TREN-174,HAT-06,2026-04-26 08:45:00,103,v2.4.1,M-3591,1,Yagmurlu,33.7
SEFER-00373,TREN-146,HAT-15,2026-02-24 00:30:00,374,v2.1.0,M-9939,0,Sisli,32.5
SEFER-00374,TREN-149,HAT-13,2026-04-05 03:30:00,253,v1.0.4,M-9480,0,Acik,13.0
SEFER-00375,TREN-139,HAT-01,2026-02-21 12:15:00,445,v2.1.0,M-2544,0,,17.3
SEFER-00376,TREN-159,HAT-06,2026-01-27 21:15:00,177,v3.0.0,M-4562,0,Yagmurlu,11.0
SEFER-00377,TREN-142,HAT-13,2026-03-24 14:15:00,409,v2.4.1,M-1612,1,yagmurlu,25.1
SEFER-00378,TREN-111,HAT-13,2026-01-10 19:30:00,263,v1.0.4,M-7266,0,Acik,30.4
SEFER-00379,TREN-140,HAT-09,2026-01-08 06:30:00,307,v3.0.0,M-8300,0,,2.5
SEFER-00380,TREN-129,HAT-07,2026-02-19 16:45:00,293,v2.4.1,M-2393,1,yagmurlu,21.7
SEFER-00381,TREN-165,HAT-07,2026-05-13 07:15:00,151,v2.1.0,M-4970,0,Sisli,30.0
SEFER-00382,TREN-135,HAT-13,2026-03-15 15:30:00,107,v2.1.0,M-6254,1,,5.3
SEFER-00383,TREN-177,HAT-11,2026-01-05 09:30:00,470,v2.1.0,M-4271,1,Sisli,34.8
SEFER-00384,TREN-120,HAT-13,2026-05-05 13:00:00,,v2.4.1,M-1225,1,yagmurlu,34.1
SEFER-00385,TREN-115,HAT-05,19.03.2026 01:45,325,v2.4.1,M-9991,1,Yagmurlu,10.3
SEFER-00386,TREN-180,HAT-12,2026-01-25 08:00:00,319,v2.1.0,M-5444,0,Acik,12.9
SEFER-00387,TREN-160,HAT-11,11.06.2026 13:00,389,v2.4.1,M-7332,0,,4.5
SEFER-00388,TREN-149,HAT-09,2026-06-16 22:00:00,355,v3.0.0,M-1352,0,yagmurlu,8.9
SEFER-00389,TREN-132,HAT-15,2026-04-01 14:30:00,130,v2.4.1,M-4869,1,Acik,4.3
SEFER-00390,TREN-108,HAT-11,2026-02-14 05:45:00,65,v2.4.1,M-7436,0,yagmurlu,37.8
SEFER-00391,TREN-112,HAT-12,2026-03-07 11:15:00,268,v2.1.0,M-4387,0,Karli,39.1
SEFER-00392,TREN-175,HAT-09,2026-04-27 23:15:00,411,v2.1.0,M-3589,1,yagmurlu,32.0
SEFER-00393,TREN-109,HAT-09,2026-04-02 05:00:00,124,v3.0.0,M-7737,1,,0.3
SEFER-00394,TREN-157,HAT-12,2026-06-09 14:30:00,117,v2.4.1,M-4783,0,Yagmurlu,8.3
SEFER-00395,TREN-130,HAT-11,05.01.2026 16:30,118,v2.4.1,M-4014,1,yagmurlu,26.7
SEFER-00396,TREN-163,HAT-08,2026-01-24 17:15:00,,v2.1.0,M-4323,0,Acik,36.0
SEFER-00397,TREN-109,HAT-03,2026-06-08 11:45:00,216,v1.0.4,M-7232,1,Sisli,36.9
SEFER-00398,TREN-151,HAT-10,2026-06-10 12:00:00,473,v3.0.0,M-1643,1,Acik,21.0
SEFER-00399,TREN-167,HAT-13,2026-04-18 21:00:00,205,v1.0.4,M-9470,0,Karli,21.2
SEFER-00400,TREN-160,HAT-14,21.04.2026 12:45,142,v2.1.0,M-7440,1,yagmurlu,35.8
SEFER-00401,TREN-142,HAT-08,2026-01-05 12:15:00,153,v2.1.0,M-3024,0,Sisli,15.9
SEFER-00402,TREN-115,HAT-12,18.03.2026 22:30,422,v3.0.0,M-1719,0,yagmurlu,17.5
SEFER-00403,TREN-143,HAT-10,2026-05-29 22:15:00,443,v3.0.0,M-5731,0,,0.5
SEFER-00404,TREN-116,HAT-15,23.01.2026 16:15,56,v1.0.4,M-9084,0,Sisli,21.9
SEFER-00405,TREN-128,HAT-10,2026-04-23 19:45:00,357,v2.4.1,M-4401,0,yagmurlu,18.1
SEFER-00406,TREN-124,HAT-03,10.01.2026 15:30,391,v1.0.4,M-1803,0,yagmurlu,26.2
SEFER-00407,TREN-154,HAT-03,2026-01-28 18:30:00,354,v3.0.0,M-6901,0,yagmurlu,33.5
SEFER-00408,TREN-112,HAT-13,2026-02-21 07:30:00,84,v3.0.0,M-3204,0,Sisli,43.5
SEFER-00409,TREN-136,HAT-06,2026-04-01 04:45:00,363,v1.0.4,M-8924,1,Acik,1.2
SEFER-00410,TREN-155,HAT-10,2026-05-25 22:30:00,369,v3.0.0,M-9514,1,Karli,41.2
SEFER-00411,TREN-164,HAT-13,2026-01-31 22:15:00,50,v1.0.4,M-4396,1,Acik,0.2
SEFER-00412,TREN-153,HAT-01,2026-02-27 05:30:00,55,v1.0.4,M-6042,1,,2.2
SEFER-00413,TREN-165,HAT-09,2026-02-25 12:00:00,252,v2.1.0,M-4178,1,,8.4
SEFER-00414,TREN-144,HAT-15,2026-04-26 00:45:00,380,v2.4.1,M-8577,1,Yagmurlu,14.6
SEFER-00415,TREN-108,HAT-14,2026-03-31 04:30:00,334,v2.4.1,M-6793,0,yagmurlu,8.2
SEFER-00416,TREN-120,HAT-05,2026-05-24 17:00:00,323,v1.0.4,M-6050,1,Yagmurlu,26.5
SEFER-00417,TREN-105,HAT-05,2026-03-12 21:00:00,281,v1.0.4,M-7131,0,Karli,17.4
SEFER-00418,TREN-126,HAT-15,2026-01-17 01:45:00,306,v2.4.1,M-6363,0,Yagmurlu,10.1
SEFER-00419,TREN-113,HAT-14,2026-06-10 08:15:00,,v1.0.4,M-6095,0,Sisli,37.5
SEFER-00420,TREN-177,HAT-14,2026-01-16 02:30:00,,v1.0.4,M-6114,0,yagmurlu,22.5
SEFER-00421,TREN-142,HAT-04,2026-02-03 02:30:00,275,v2.4.1,M-2875,0,,1.3
SEFER-00422,TREN-180,HAT-09,2026-03-29 23:00:00,213,v2.4.1,M-5011,0,Karli,16.5
SEFER-00423,TREN-110,HAT-05,2026-04-15 21:30:00,,v1.0.4,M-7284,0,Acik,6.4
SEFER-00424,TREN-112,HAT-07,2026-03-09 03:15:00,372,v2.4.1,M-6444,0,,12.0
SEFER-00425,TREN-169,HAT-02,2026-06-16 10:45:00,460,v3.0.0,M-8709,0,,6.3
SEFER-00426,TREN-129,HAT-03,2026-05-28 05:30:00,408,v2.4.1,M-8426,1,,4.0
SEFER-00427,TREN-104,HAT-02,2026-03-23 08:00:00,137,v2.1.0,M-9322,0,Karli,39.6
SEFER-00428,TREN-152,HAT-14,2026-05-03 03:00:00,455,v3.0.0,M-4908,0,Karli,22.6
SEFER-00429,TREN-171,HAT-03,2026-06-16 11:45:00,466,v3.0.0,M-6606,0,,8.9
SEFER-00430,TREN-123,HAT-11,2026-04-25 12:00:00,478,v2.4.1,M-2599,1,Sisli,16.2
SEFER-00431,TREN-123,HAT-05,13.06.2026 09:45,466,v3.0.0,M-2007,0,yagmurlu,32.8
SEFER-00432,TREN-128,HAT-14,2026-01-24 23:00:00,281,v3.0.0,M-4205,0,yagmurlu,11.4
SEFER-00433,TREN-141,HAT-05,2026-04-08 13:30:00,417,v3.0.0,M-3089,1,Karli,61.3
SEFER-00434,TREN-108,HAT-06,04.06.2026 00:00,233,v2.1.0,M-8073,1,Acik,19.8
SEFER-00435,TREN-141,HAT-12,2026-03-07 13:45:00,389,v3.0.0,M-6902,1,Yagmurlu,14.4
SEFER-00436,TREN-120,HAT-05,2026-05-30 04:15:00,58,v3.0.0,M-3224,0,Yagmurlu,20.8
SEFER-00437,TREN-118,HAT-11,2026-05-18 19:45:00,406,v3.0.0,M-9346,1,yagmurlu,44.6
SEFER-00438,TREN-171,HAT-14,2026-03-19 01:45:00,359,v2.1.0,M-9220,1,Acik,8.6
SEFER-00439,TREN-153,HAT-15,04.04.2026 11:30,,v3.0.0,M-2311,0,Sisli,27.2
SEFER-00440,TREN-168,HAT-14,2026-05-09 08:30:00,362,v1.0.4,M-9834,1,Acik,12.8
SEFER-00441,TREN-179,HAT-01,2026-06-04 11:30:00,-30,v2.4.1,M-7897,1,yagmurlu,31.7
SEFER-00442,TREN-138,HAT-05,2026-01-29 20:00:00,205,v3.0.0,M-3770,0,,15.4
SEFER-00443,TREN-138,HAT-13,2026-05-07 02:00:00,308,v2.1.0,M-5603,1,Acik,19.1
SEFER-00444,TREN-133,HAT-01,2026-05-07 18:00:00,428,v2.1.0,M-5280,0,Yagmurlu,28.8
SEFER-00445,TREN-163,HAT-03,2026-05-17 16:00:00,124,v3.0.0,M-7765,1,yagmurlu,35.2
SEFER-00446,TREN-131,HAT-11,2026-03-17 08:15:00,226,v1.0.4,M-1860,0,Acik,20.3
SEFER-00447,TREN-160,HAT-07,2026-03-23 12:30:00,322,v3.0.0,M-5302,0,Yagmurlu,12.8
SEFER-00448,TREN-168,HAT-14,2026-03-16 10:00:00,245,v1.0.4,M-2595,1,,3.8
SEFER-00449,TREN-156,HAT-10,2026-06-06 22:30:00,100,v2.1.0,M-4193,1,Karli,25.6
SEFER-00450,TREN-124,HAT-06,2026-04-04 17:00:00,56,v3.0.0,M-6759,0,Sisli,26.0
SEFER-00451,TREN-137,HAT-05,03.02.2026 04:00,354,v1.0.4,M-2965,0,,22.4
SEFER-00452,TREN-178,HAT-03,2026-03-06 09:15:00,179,v3.0.0,M-5528,1,Karli,31.3
SEFER-00453,TREN-142,HAT-05,2026-01-28 21:00:00,,v2.4.1,M-3915,1,Sisli,19.0
SEFER-00454,TREN-109,HAT-08,2026-06-08 17:15:00,301,v2.1.0,M-2740,1,Acik,11.6
SEFER-00455,TREN-134,HAT-02,07.01.2026 04:00,447,v1.0.4,M-1619,1,Sisli,15.2
SEFER-00456,TREN-135,HAT-03,2026-04-30 17:30:00,313,v3.0.0,M-7617,0,,38.1
SEFER-00457,TREN-170,HAT-04,2026-01-01 19:45:00,296,v2.4.1,M-6463,1,Acik,18.4
SEFER-00458,TREN-152,HAT-01,2026-04-19 03:00:00,224,v2.4.1,M-4327,0,Acik,18.4
SEFER-00459,TREN-171,HAT-01,2026-06-15 08:45:00,249,v1.0.4,M-8175,0,Acik,20.0
SEFER-00460,TREN-118,HAT-01,2026-02-03 04:00:00,300,v2.4.1,M-9186,1,Sisli,15.7
SEFER-00461,TREN-103,HAT-01,2026-02-28 03:00:00,257,v3.0.0,M-9791,0,Acik,2.4
SEFER-00462,TREN-175,HAT-04,08.06.2026 02:00,384,v1.0.4,M-4976,0,Acik,6.4
SEFER-00463,TREN-102,HAT-03,2026-04-19 05:00:00,99,v1.0.4,M-2742,0,Sisli,24.4
SEFER-00464,TREN-164,HAT-10,17.05.2026 15:15,222,v2.1.0,M-6268,0,,11.3
SEFER-00465,TREN-106,HAT-10,30.01.2026 20:30,437,v2.1.0,M-8187,0,Sisli,16.8
SEFER-00466,TREN-175,HAT-01,2026-01-24 00:00:00,242,v1.0.4,M-1118,0,Yagmurlu,8.2
SEFER-00467,TREN-112,HAT-12,2026-04-22 11:30:00,445,v2.4.1,M-9570,1,Sisli,26.8
SEFER-00468,TREN-153,HAT-04,2026-06-10 08:15:00,,v1.0.4,M-5934,1,Yagmurlu,30.6
SEFER-00469,TREN-154,HAT-01,2026-04-06 10:15:00,98,v2.1.0,M-8605,0,yagmurlu,12.5
SEFER-00470,TREN-136,HAT-01,2026-02-03 07:00:00,292,v1.0.4,M-1885,1,Sisli,26.9
SEFER-00471,TREN-137,HAT-04,2026-03-16 10:30:00,438,v2.1.0,M-3589,0,Sisli,15.4
SEFER-00472,TREN-163,HAT-09,2026-01-21 01:00:00,353,v2.4.1,M-4769,0,yagmurlu,11.9
SEFER-00473,TREN-142,HAT-04,2026-01-17 23:15:00,242,v1.0.4,M-8141,0,Yagmurlu,8.8
SEFER-00474,TREN-128,HAT-15,2026-04-15 06:45:00,284,v2.4.1,M-4313,1,,2.2
SEFER-00475,TREN-117,HAT-01,2026-04-29 09:00:00,288,v2.1.0,M-5835,0,Sisli,30.4
SEFER-00476,TREN-179,HAT-15,30.01.2026 06:15,300,v2.4.1,M-1237,1,Yagmurlu,17.0
SEFER-00477,TREN-132,HAT-04,2026-02-26 02:45:00,352,v3.0.0,M-1724,0,Yagmurlu,32.5
SEFER-00478,TREN-161,HAT-12,2026-05-12 10:00:00,464,v2.1.0,M-2361,0,,17.2
SEFER-00479,TREN-153,HAT-04,2026-01-23 21:30:00,96,v3.0.0,M-1399,1,Acik,6.5
SEFER-00480,TREN-160,HAT-13,2026-01-24 21:45:00,370,v1.0.4,M-7305,1,Sisli,-999.0
SEFER-00481,TREN-168,HAT-01,2026-02-20 20:45:00,363,v1.0.4,M-6500,0,yagmurlu,16.6
SEFER-00482,TREN-166,HAT-15,2026-04-26 09:30:00,237,v2.1.0,M-2097,0,Sisli,34.7
SEFER-00483,TREN-118,HAT-06,2026-02-10 23:00:00,435,v2.1.0,M-6250,1,yagmurlu,28.5
SEFER-00484,TREN-135,HAT-09,2026-04-27 08:45:00,,v1.0.4,M-8703,1,Karli,31.0
SEFER-00485,TREN-158,HAT-10,2026-03-05 01:00:00,94,v1.0.4,M-2791,0,Acik,5.0
SEFER-00486,TREN-136,HAT-02,2026-04-30 05:15:00,316,v2.1.0,M-8764,1,,0.2
SEFER-00487,TREN-154,HAT-08,2026-05-07 03:00:00,,v2.4.1,M-7745,1,Yagmurlu,26.0
SEFER-00488,TREN-142,HAT-08,2026-04-12 12:45:00,454,v3.0.0,M-7093,1,Karli,16.9
SEFER-00489,TREN-107,HAT-03,2026-03-02 12:30:00,132,v2.1.0,M-3514,0,,7.7
SEFER-00490,TREN-131,HAT-02,2026-01-08 06:30:00,239,v2.4.1,M-6633,0,Yagmurlu,10.3
SEFER-00491,TREN-148,HAT-08,2026-04-03 09:15:00,62,v3.0.0,M-6246,0,Sisli,51.7
SEFER-00492,TREN-101,HAT-12,2026-04-04 11:30:00,198,v3.0.0,M-6549,0,yagmurlu,19.0
SEFER-00493,TREN-162,HAT-15,2026-01-08 02:15:00,62,v2.4.1,M-2515,1,Sisli,24.6
SEFER-00494,TREN-108,HAT-10,2026-04-20 16:15:00,442,v3.0.0,M-2431,1,Karli,17.2
SEFER-00495,TREN-125,HAT-08,2026-02-24 11:00:00,125,v2.4.1,M-1199,1,,19.2
SEFER-00496,TREN-145,HAT-06,2026-02-22 19:45:00,422,v3.0.0,M-5728,0,Sisli,38.5
SEFER-00497,TREN-155,HAT-12,2026-06-03 05:45:00,94,v2.4.1,M-2083,1,Yagmurlu,10.3
SEFER-00498,TREN-112,HAT-01,2026-03-12 03:30:00,413,v2.1.0,M-7254,1,yagmurlu,22.1
SEFER-00499,TREN-171,HAT-08,2026-01-08 10:30:00,336,v1.0.4,M-3523,1,,6.2
SEFER-00500,TREN-139,HAT-11,2026-05-23 15:45:00,197,v2.1.0,M-1466,0,Sisli,17.0
SEFER-00501,TREN-136,HAT-08,2026-06-15 21:00:00,296,v3.0.0,M-2959,1,yagmurlu,13.7
SEFER-00502,TREN-166,HAT-12,2026-04-09 10:00:00,79,v2.1.0,M-6855,0,Yagmurlu,11.9
SEFER-00503,TREN-107,HAT-05,2026-03-03 21:45:00,74,v1.0.4,M-9419,0,Karli,18.4
SEFER-00504,TREN-124,HAT-13,2026-01-17 09:15:00,473,v2.4.1,M-2570,1,,26.1
SEFER-00505,TREN-119,HAT-01,2026-01-24 14:30:00,224,v2.1.0,M-4087,0,Yagmurlu,9.1
SEFER-00506,TREN-154,HAT-08,2026-06-06 14:00:00,58,v2.1.0,M-8240,1,Sisli,19.3
SEFER-00507,TREN-123,HAT-12,2026-02-22 05:00:00,115,v2.1.0,M-4438,0,,1.5
SEFER-00508,TREN-111,HAT-07,29.04.2026 03:00,437,v1.0.4,M-8685,0,Sisli,15.4
SEFER-00509,TREN-133,HAT-01,2026-01-12 13:30:00,450,v2.1.0,M-4027,1,Acik,25.3
SEFER-00510,TREN-104,HAT-02,2026-01-26 02:30:00,132,v1.0.4,M-2623,0,yagmurlu,23.2
SEFER-00511,TREN-168,HAT-04,2026-05-03 09:15:00,436,v2.1.0,M-9260,1,yagmurlu,18.0
SEFER-00512,TREN-147,HAT-12,2026-04-11 20:15:00,142,v2.1.0,M-7677,0,Karli,54.8
SEFER-00513,TREN-141,HAT-02,2026-03-21 18:00:00,234,v1.0.4,M-6375,1,,13.4
SEFER-00514,TREN-115,HAT-07,2026-02-18 15:45:00,480,v3.0.0,M-4093,0,Sisli,17.6
SEFER-00515,TREN-161,HAT-11,04.03.2026 23:15,394,v1.0.4,M-2953,0,Acik,5.0
SEFER-00516,TREN-151,HAT-07,2026-04-29 20:00:00,136,v2.1.0,M-7623,0,Acik,4.5
SEFER-00517,TREN-130,HAT-14,2026-03-14 17:45:00,347,v3.0.0,M-6834,1,yagmurlu,21.2
SEFER-00518,TREN-178,HAT-07,2026-03-24 22:30:00,112,v2.1.0,M-1486,0,Karli,21.7
SEFER-00519,TREN-107,HAT-14,2026-01-12 21:45:00,245,v1.0.4,M-2253,1,yagmurlu,19.4
SEFER-00520,TREN-160,HAT-04,2026-02-20 08:45:00,225,v1.0.4,M-8051,0,yagmurlu,25.9
SEFER-00521,TREN-150,HAT-08,2026-02-23 22:45:00,,v2.4.1,M-3689,1,Yagmurlu,16.1
SEFER-00522,TREN-156,HAT-03,2026-02-23 13:45:00,395,v3.0.0,M-8797,0,Sisli,25.8
SEFER-00523,TREN-165,HAT-01,2026-03-09 01:30:00,365,v2.4.1,M-2006,0,,4.4
SEFER-00524,TREN-176,HAT-01,2026-01-23 03:30:00,63,v2.4.1,M-6855,1,,4.2
SEFER-00525,TREN-145,HAT-01,2026-04-24 02:15:00,353,v2.4.1,M-2875,1,Acik,24.1
SEFER-00526,TREN-122,HAT-01,03.04.2026 03:30,266,v1.0.4,M-8695,0,yagmurlu,15.2
SEFER-00527,TREN-141,HAT-07,2026-04-08 14:45:00,300,v3.0.0,M-9237,1,Acik,11.7
SEFER-00528,TREN-122,HAT-10,2026-02-21 08:30:00,375,v2.4.1,M-5344,0,Acik,28.3
SEFER-00529,TREN-139,HAT-10,2026-03-10 20:15:00,417,v1.0.4,M-9700,1,yagmurlu,9.0
SEFER-00530,TREN-155,HAT-04,2026-03-01 12:00:00,461,v2.1.0,M-7788,1,Karli,20.7
SEFER-00531,TREN-133,HAT-10,2026-03-30 04:45:00,59,v3.0.0,M-4489,1,,12.2
SEFER-00532,TREN-135,HAT-15,2026-04-20 02:45:00,80,v2.1.0,M-3465,1,yagmurlu,10.2
SEFER-00533,TREN-156,HAT-07,2026-02-24 15:00:00,186,v2.1.0,M-7649,0,Karli,25.4
SEFER-00534,TREN-115,HAT-03,2026-02-03 00:00:00,287,v1.0.4,M-4309,0,Sisli,23.2
SEFER-00535,TREN-135,HAT-03,2026-01-06 05:30:00,331,v3.0.0,M-1326,0,Yagmurlu,18.3
SEFER-00536,TREN-111,HAT-06,2026-04-13 22:30:00,258,v3.0.0,M-3302,0,Karli,26.1
SEFER-00537,TREN-115,HAT-10,2026-05-06 14:00:00,446,v2.1.0,M-3003,1,yagmurlu,10.9
SEFER-00538,TREN-143,HAT-14,2026-04-10 23:45:00,266,v2.4.1,M-8200,1,Yagmurlu,9.6
SEFER-00539,TREN-133,HAT-14,2026-04-11 20:00:00,107,v2.1.0,M-5550,0,Karli,22.9
SEFER-00540,TREN-147,HAT-08,2026-05-03 09:30:00,,v1.0.4,M-4926,1,yagmurlu,18.4
SEFER-00541,TREN-171,HAT-07,2026-02-23 00:30:00,323,v3.0.0,M-5186,1,Yagmurlu,27.5
SEFER-00542,TREN-112,HAT-15,2026-05-21 15:15:00,132,v3.0.0,M-1555,1,Sisli,25.0
SEFER-00543,TREN-111,HAT-14,2026-05-14 06:45:00,480,v1.0.4,M-3627,1,Karli,27.6
SEFER-00544,TREN-165,HAT-02,2026-03-02 07:45:00,427,v1.0.4,M-4010,1,Karli,31.0
SEFER-00545,TREN-118,HAT-01,2026-03-10 15:15:00,92,v2.1.0,M-7722,1,Acik,1.7
SEFER-00546,TREN-158,HAT-08,2026-05-30 07:15:00,473,v3.0.0,M-7022,0,Karli,41.1
SEFER-00547,TREN-151,HAT-15,06.03.2026 15:15,,v1.0.4,M-8576,0,yagmurlu,18.4
SEFER-00548,TREN-134,HAT-12,26.05.2026 15:15,357,v2.1.0,M-2922,0,Karli,16.6
SEFER-00549,TREN-168,HAT-07,2026-05-13 05:45:00,164,v2.4.1,M-5717,1,,2.3
SEFER-00550,TREN-149,HAT-03,2026-03-15 20:15:00,194,v3.0.0,M-3391,0,,11.3
SEFER-00551,TREN-138,HAT-05,2026-02-10 10:45:00,400,v2.1.0,M-6296,1,,-999.0
SEFER-00552,TREN-128,HAT-12,2026-03-07 16:45:00,98,v2.1.0,M-8715,1,yagmurlu,8.6
SEFER-00553,TREN-178,HAT-11,15.06.2026 07:00,245,v2.1.0,M-1673,0,Karli,63.0
SEFER-00554,TREN-134,HAT-03,2026-03-28 05:45:00,117,v2.1.0,M-5266,0,Acik,3.8
SEFER-00555,TREN-141,HAT-01,2026-01-23 01:45:00,432,v2.4.1,M-5321,1,Karli,41.1
SEFER-00556,TREN-156,HAT-15,2026-01-29 09:30:00,127,v3.0.0,M-1871,0,yagmurlu,37.2
SEFER-00557,TREN-120,HAT-01,09.02.2026 11:15,411,v3.0.0,M-1668,1,Sisli,20.7
SEFER-00558,TREN-146,HAT-12,2026-04-06 23:45:00,418,v2.4.1,M-3959,0,Yagmurlu,9.3
SEFER-00559,TREN-166,HAT-14,2026-02-16 19:15:00,319,v2.1.0,M-9161,0,yagmurlu,20.0
SEFER-00560,TREN-143,HAT-01,2026-02-18 18:00:00,104,v3.0.0,M-8439,1,Karli,26.7
SEFER-00561,TREN-177,HAT-11,2026-01-02 05:30:00,281,v2.1.0,M-4463,0,Karli,44.5
SEFER-00562,TREN-137,HAT-06,2026-05-17 11:00:00,358,v2.1.0,M-7535,0,Sisli,16.0
SEFER-00563,TREN-103,HAT-14,2026-02-05 18:15:00,381,v3.0.0,M-6080,0,,11.7
SEFER-00564,TREN-146,HAT-11,2026-01-17 15:30:00,248,v1.0.4,M-7922,1,Sisli,18.1
SEFER-00565,TREN-179,HAT-03,16.03.2026 08:45,287,v2.1.0,M-9115,0,,12.5
SEFER-00566,TREN-138,HAT-08,2026-03-16 21:00:00,126,v2.1.0,M-9570,1,Yagmurlu,19.5
SEFER-00567,TREN-138,HAT-10,2026-01-09 09:00:00,311,v2.4.1,M-6823,1,Sisli,30.3
SEFER-00568,TREN-175,HAT-02,2026-05-12 10:00:00,141,v3.0.0,M-5876,1,Yagmurlu,26.5
SEFER-00569,TREN-176,HAT-12,2026-03-19 21:45:00,496,v2.4.1,M-2742,1,Yagmurlu,10.4
SEFER-00570,TREN-169,HAT-01,2026-01-02 05:45:00,294,v3.0.0,M-5961,1,Sisli,26.8
SEFER-00571,TREN-151,HAT-13,2026-02-21 21:00:00,-8,v1.0.4,M-4428,1,Acik,11.9
SEFER-00572,TREN-119,HAT-11,2026-02-11 12:45:00,325,v2.1.0,M-8765,1,Yagmurlu,8.9
SEFER-00573,TREN-103,HAT-02,2026-01-29 14:15:00,298,v2.1.0,M-4298,1,Sisli,15.2
SEFER-00574,TREN-173,HAT-14,23.05.2026 13:45,-41,v3.0.0,M-5764,0,,5.7
SEFER-00575,TREN-163,HAT-07,2026-03-25 05:45:00,,v1.0.4,M-5388,1,Acik,5.5
SEFER-00576,TREN-161,HAT-02,2026-03-26 16:30:00,132,v3.0.0,M-4802,0,Karli,28.0
SEFER-00577,TREN-176,HAT-15,2026-04-28 03:30:00,416,v3.0.0,M-7829,1,,6.3
SEFER-00578,TREN-161,HAT-13,2026-06-15 22:15:00,433,v2.1.0,M-3561,1,Acik,11.0
SEFER-00579,TREN-113,HAT-13,2026-03-13 05:45:00,74,v2.1.0,M-3862,0,Acik,4.4
SEFER-00580,TREN-109,HAT-06,2026-03-15 17:00:00,164,v2.4.1,M-1764,1,Sisli,28.0
SEFER-00581,TREN-120,HAT-14,2026-04-29 00:00:00,274,v1.0.4,M-2669,0,Sisli,47.9
SEFER-00582,TREN-165,HAT-02,2026-01-29 18:00:00,130,v3.0.0,M-2626,0,,13.5
SEFER-00583,TREN-147,HAT-06,2026-05-21 01:15:00,262,v2.4.1,M-5698,0,Acik,2.8
SEFER-00584,TREN-111,HAT-05,2026-03-05 19:45:00,127,v3.0.0,M-7773,1,yagmurlu,23.5
SEFER-00585,TREN-159,HAT-14,2026-03-30 08:30:00,444,v1.0.4,M-2389,1,Acik,22.6
SEFER-00586,TREN-141,HAT-07,2026-05-13 01:15:00,68,v1.0.4,M-9516,1,,25.6
SEFER-00587,TREN-154,HAT-07,2026-06-01 10:30:00,226,v2.1.0,M-7618,1,Acik,17.5
SEFER-00588,TREN-127,HAT-15,2026-04-04 03:45:00,450,v2.4.1,M-2380,0,,5.2
SEFER-00589,TREN-169,HAT-06,2026-03-08 19:15:00,159,v2.4.1,M-3621,0,Acik,17.2
SEFER-00590,TREN-104,HAT-15,2026-05-17 04:30:00,421,v1.0.4,M-7110,1,Sisli,58.4
SEFER-00591,TREN-165,HAT-06,2026-01-22 09:00:00,279,v2.4.1,M-4868,0,Karli,-999.0
SEFER-00592,TREN-145,HAT-05,2026-02-18 19:15:00,176,v2.4.1,M-8443,0,Acik,14.0
SEFER-00593,TREN-119,HAT-12,14.03.2026 21:45,,v2.4.1,M-9622,1,Yagmurlu,14.5
SEFER-00594,TREN-176,HAT-09,2026-03-30 19:45:00,375,v3.0.0,M-7830,0,Sisli,81.6
SEFER-00595,TREN-119,HAT-09,2026-01-22 22:45:00,410,v2.1.0,M-8461,1,yagmurlu,27.9
SEFER-00596,TREN-105,HAT-12,2026-01-28 00:30:00,486,v2.4.1,M-1659,0,Sisli,16.2
SEFER-00597,TREN-116,HAT-06,2026-02-22 06:30:00,455,v1.0.4,M-5999,1,Yagmurlu,9.5
SEFER-00598,TREN-128,HAT-03,21.05.2026 01:45,84,v3.0.0,M-6534,1,Acik,5.4
SEFER-00599,TREN-161,HAT-14,2026-05-04 03:15:00,285,v2.4.1,M-2463,1,Sisli,26.0
SEFER-00600,TREN-150,HAT-04,2026-06-03 21:45:00,,v1.0.4,M-3713,0,,22.1
SEFER-00601,TREN-174,HAT-11,2026-05-17 03:30:00,336,v1.0.4,M-9548,0,Acik,2.1
SEFER-00602,TREN-161,HAT-09,2026-06-03 07:00:00,142,v3.0.0,M-2386,1,Acik,13.2
SEFER-00603,TREN-152,HAT-10,2026-01-08 22:45:00,,v2.4.1,M-7258,1,Sisli,17.0
SEFER-00604,TREN-112,HAT-02,2026-01-18 04:15:00,443,v2.1.0,M-1965,1,Acik,1.7
SEFER-00605,TREN-124,HAT-01,2026-05-02 23:00:00,122,v1.0.4,M-1849,0,Sisli,37.4
SEFER-00606,TREN-131,HAT-13,2026-04-13 03:15:00,247,v3.0.0,M-2072,1,Acik,3.1
SEFER-00607,TREN-104,HAT-07,2026-04-19 08:15:00,-36,v2.1.0,M-5990,1,yagmurlu,29.2
SEFER-00608,TREN-158,HAT-02,2026-05-25 16:15:00,326,v3.0.0,M-8401,0,Yagmurlu,23.2
SEFER-00609,TREN-101,HAT-14,2026-03-21 13:30:00,80,v3.0.0,M-6757,0,Sisli,18.2
SEFER-00610,TREN-175,HAT-14,29.03.2026 08:30,338,v1.0.4,M-3288,1,Acik,13.6
SEFER-00611,TREN-156,HAT-04,2026-04-15 10:30:00,375,v2.4.1,M-5029,1,Karli,53.9
SEFER-00612,TREN-144,HAT-04,20.03.2026 17:30,380,v1.0.4,M-3843,1,Acik,-999.0
SEFER-00613,TREN-172,HAT-15,2026-04-30 02:45:00,453,v3.0.0,M-3022,1,,10.5
SEFER-00614,TREN-149,HAT-14,2026-04-13 20:30:00,465,v2.4.1,M-4161,1,,41.2
SEFER-00615,TREN-102,HAT-04,2026-05-08 01:00:00,413,v2.4.1,M-4623,0,Karli,17.1
SEFER-00616,TREN-164,HAT-06,2026-01-07 12:30:00,360,v3.0.0,M-2817,1,Yagmurlu,8.1
SEFER-00617,TREN-173,HAT-09,2026-03-26 13:15:00,339,v1.0.4,M-3101,0,,11.5
SEFER-00618,TREN-117,HAT-05,2026-06-09 13:15:00,190,v2.4.1,M-8437,0,Yagmurlu,26.8
SEFER-00619,TREN-155,HAT-11,2026-04-26 03:00:00,482,v3.0.0,M-9119,1,Sisli,18.2
SEFER-00620,TREN-167,HAT-13,08.01.2026 16:15,322,v2.4.1,M-2340,0,Sisli,18.8
SEFER-00621,TREN-129,HAT-12,2026-03-14 13:00:00,218,v1.0.4,M-8863,1,Karli,15.6
SEFER-00622,TREN-104,HAT-10,2026-05-17 07:30:00,292,v2.4.1,M-9514,0,Yagmurlu,49.9
SEFER-00623,TREN-110,HAT-13,2026-04-13 15:45:00,346,v1.0.4,M-7183,1,Acik,0.9
SEFER-00624,TREN-109,HAT-13,2026-01-23 00:00:00,204,v1.0.4,M-1855,1,yagmurlu,17.8
SEFER-00625,TREN-149,HAT-07,2026-01-17 14:45:00,387,v3.0.0,M-2659,1,yagmurlu,8.1
SEFER-00626,TREN-104,HAT-08,2026-03-30 12:30:00,56,v2.1.0,M-3064,1,yagmurlu,20.5
SEFER-00627,TREN-146,HAT-07,2026-03-24 09:45:00,72,v2.4.1,M-6098,0,Acik,11.4
SEFER-00628,TREN-119,HAT-08,2026-02-22 22:30:00,315,v2.1.0,M-9308,0,yagmurlu,18.7
SEFER-00629,TREN-155,HAT-06,2026-02-03 14:15:00,85,v3.0.0,M-6425,1,Karli,17.1
SEFER-00630,TREN-179,HAT-05,2026-03-13 16:30:00,454,v2.1.0,M-4772,1,Acik,6.9
SEFER-00631,TREN-180,HAT-04,2026-02-11 01:45:00,219,v1.0.4,M-6944,0,,4.7
SEFER-00632,TREN-110,HAT-06,2026-01-06 08:00:00,373,v1.0.4,M-4262,0,yagmurlu,42.4
SEFER-00633,TREN-137,HAT-03,2026-02-07 14:30:00,333,v2.4.1,M-2657,0,Yagmurlu,10.0
SEFER-00634,TREN-118,HAT-07,2026-04-23 00:00:00,283,v2.1.0,M-9633,1,Yagmurlu,12.6
SEFER-00635,TREN-109,HAT-02,2026-01-25 21:15:00,243,v2.1.0,M-1756,0,,4.7
SEFER-00636,TREN-169,HAT-05,2026-05-16 00:15:00,,v3.0.0,M-4428,0,Karli,35.6
SEFER-00637,TREN-161,HAT-13,2026-04-24 11:00:00,380,v2.1.0,M-6272,1,yagmurlu,12.7
SEFER-00638,TREN-168,HAT-12,2026-03-24 17:45:00,376,v2.1.0,M-8406,0,yagmurlu,28.5
SEFER-00639,TREN-151,HAT-04,2026-02-22 11:45:00,481,v1.0.4,M-5834,1,Karli,17.9
SEFER-00640,TREN-167,HAT-06,2026-02-09 12:00:00,268,v3.0.0,M-6194,1,Sisli,21.3
SEFER-00641,TREN-149,HAT-01,2026-01-31 21:45:00,233,v1.0.4,M-5528,0,Acik,3.5
SEFER-00642,TREN-113,HAT-02,13.01.2026 10:30,150,v2.4.1,M-4123,0,,4.0
SEFER-00643,TREN-170,HAT-15,2026-02-14 19:00:00,227,v1.0.4,M-8733,0,Sisli,54.2
SEFER-00644,TREN-151,HAT-04,2026-02-08 23:15:00,452,v3.0.0,M-6581,0,yagmurlu,22.2
SEFER-00645,TREN-141,HAT-14,2026-02-02 07:45:00,157,v2.4.1,M-3276,0,Sisli,31.0
SEFER-00646,TREN-140,HAT-12,2026-01-02 21:45:00,223,v3.0.0,M-9808,1,Yagmurlu,13.4
SEFER-00647,TREN-142,HAT-10,2026-01-05 05:00:00,219,v3.0.0,M-7247,0,yagmurlu,17.9
SEFER-00648,TREN-151,HAT-02,2026-04-02 11:45:00,341,v2.1.0,M-2709,0,Sisli,25.2
SEFER-00649,TREN-105,HAT-14,28.04.2026 20:45,247,v1.0.4,M-8449,0,Karli,17.3
SEFER-00650,TREN-148,HAT-09,2026-01-03 03:15:00,250,v3.0.0,M-8835,0,Yagmurlu,53.7
SEFER-00651,TREN-150,HAT-15,2026-05-28 23:15:00,271,v2.4.1,M-4325,1,,10.9
SEFER-00652,TREN-136,HAT-04,2026-01-02 12:15:00,359,v3.0.0,M-8539,1,Yagmurlu,15.5
SEFER-00653,TREN-174,HAT-01,2026-05-07 01:00:00,283,v2.4.1,M-7407,0,Karli,27.1
SEFER-00654,TREN-154,HAT-04,2026-01-31 21:45:00,143,v1.0.4,M-4927,0,,8.4
SEFER-00655,TREN-136,HAT-15,2026-04-18 10:30:00,,v3.0.0,M-7738,0,,12.8
SEFER-00656,TREN-148,HAT-02,2026-05-10 04:00:00,259,v1.0.4,M-8572,0,Sisli,16.8
SEFER-00657,TREN-110,HAT-11,2026-04-29 18:45:00,488,v1.0.4,M-3236,1,Yagmurlu,-999.0
SEFER-00658,TREN-160,HAT-08,20.03.2026 23:00,415,v2.1.0,M-3794,0,Sisli,16.5
SEFER-00659,TREN-178,HAT-02,2026-01-31 11:30:00,136,v2.4.1,M-3514,1,Acik,-999.0
SEFER-00660,TREN-146,HAT-03,2026-02-07 05:00:00,276,v1.0.4,M-7399,1,,0.5
SEFER-00661,TREN-157,HAT-01,13.04.2026 08:00,153,v1.0.4,M-1262,1,Yagmurlu,22.7
SEFER-00662,TREN-104,HAT-01,2026-02-27 18:15:00,,v2.1.0,M-3736,0,Acik,25.9
SEFER-00663,TREN-154,HAT-09,2026-01-19 15:30:00,369,v3.0.0,M-2979,0,Yagmurlu,35.2
SEFER-00664,TREN-128,HAT-02,2026-03-03 02:30:00,211,v1.0.4,M-5562,1,Acik,4.9
SEFER-00665,TREN-106,HAT-02,2026-06-01 08:15:00,305,v2.1.0,M-5127,0,Acik,22.5
SEFER-00666,TREN-177,HAT-06,2026-04-18 22:45:00,405,v2.4.1,M-8899,0,Yagmurlu,12.0
SEFER-00667,TREN-143,HAT-01,2026-04-15 02:45:00,169,v2.1.0,M-1347,0,yagmurlu,16.9
SEFER-00668,TREN-140,HAT-04,2026-05-07 04:45:00,80,v2.1.0,M-7156,0,Yagmurlu,12.7
SEFER-00669,TREN-105,HAT-04,2026-06-07 20:45:00,192,v3.0.0,M-5726,0,Karli,25.3
SEFER-00670,TREN-130,HAT-14,2026-05-06 07:30:00,77,v2.1.0,M-7250,1,,54.5
SEFER-00671,TREN-124,HAT-08,18.04.2026 17:00,148,v2.1.0,M-3057,0,Acik,20.1
SEFER-00672,TREN-123,HAT-10,2026-04-04 22:15:00,421,v2.1.0,M-7947,0,Sisli,18.7
SEFER-00673,TREN-178,HAT-04,2026-02-21 23:30:00,153,v2.4.1,M-7524,1,Karli,34.8
SEFER-00674,TREN-122,HAT-08,2026-03-17 13:45:00,439,v1.0.4,M-7249,1,Yagmurlu,25.1
SEFER-00675,TREN-111,HAT-13,2026-06-04 22:30:00,422,v3.0.0,M-5640,1,Yagmurlu,11.0
SEFER-00676,TREN-172,HAT-10,2026-03-24 07:00:00,150,v2.4.1,M-9051,1,Yagmurlu,-999.0
SEFER-00677,TREN-154,HAT-07,2026-06-15 21:30:00,351,v1.0.4,M-7304,0,Acik,5.3
SEFER-00678,TREN-125,HAT-13,2026-03-16 17:30:00,228,v2.4.1,M-1945,1,yagmurlu,30.3
SEFER-00679,TREN-155,HAT-12,2026-02-12 08:15:00,235,v2.1.0,M-5281,1,,22.3
SEFER-00680,TREN-119,HAT-05,12.02.2026 11:15,379,v1.0.4,M-9495,0,,24.9
SEFER-00681,TREN-155,HAT-03,2026-05-22 20:45:00,322,v3.0.0,M-2456,0,,21.8
SEFER-00682,TREN-174,HAT-13,2026-05-17 08:30:00,157,v2.1.0,M-9056,0,,15.1
SEFER-00683,TREN-113,HAT-02,2026-05-13 07:45:00,425,v2.1.0,M-4244,1,Sisli,26.9
SEFER-00684,TREN-124,HAT-09,2026-06-12 02:00:00,145,v2.1.0,M-5249,1,Yagmurlu,8.6
SEFER-00685,TREN-157,HAT-11,2026-06-06 01:00:00,200,v2.4.1,M-1486,0,Acik,4.7
SEFER-00686,TREN-162,HAT-08,26.04.2026 01:00,53,v1.0.4,M-4458,0,,8.7
SEFER-00687,TREN-149,HAT-10,2026-03-31 00:30:00,222,v2.4.1,M-6164,0,yagmurlu,13.6
SEFER-00688,TREN-147,HAT-11,2026-03-10 06:45:00,497,v3.0.0,M-3275,0,Karli,-999.0
SEFER-00689,TREN-178,HAT-02,2026-05-29 13:30:00,177,v3.0.0,M-9436,1,Karli,21.0
SEFER-00690,TREN-125,HAT-01,20.04.2026 03:30,73,v3.0.0,M-7556,0,,3.9
SEFER-00691,TREN-145,HAT-07,2026-06-10 12:45:00,101,v2.1.0,M-9520,0,,4.9
SEFER-00692,TREN-117,HAT-08,2026-05-17 05:00:00,330,v1.0.4,M-8899,0,Sisli,16.8
SEFER-00693,TREN-132,HAT-04,2026-01-30 08:00:00,64,v3.0.0,M-5593,0,Yagmurlu,44.5
SEFER-00694,TREN-133,HAT-11,2026-03-23 12:00:00,374,v2.4.1,M-4666,0,,6.8
SEFER-00695,TREN-144,HAT-07,2026-06-05 14:45:00,488,v1.0.4,M-5767,0,Sisli,31.5
SEFER-00696,TREN-115,HAT-02,2026-02-28 07:15:00,238,v1.0.4,M-6092,0,Yagmurlu,37.2
SEFER-00697,TREN-176,HAT-09,2026-02-02 15:45:00,236,v2.1.0,M-2746,1,,27.2
SEFER-00698,TREN-102,HAT-09,2026-05-26 17:45:00,201,v2.4.1,M-3389,0,Yagmurlu,24.9
SEFER-00699,TREN-177,HAT-06,2026-02-22 23:00:00,343,v2.4.1,M-7171,0,Sisli,25.0
SEFER-00700,TREN-143,HAT-03,2026-05-22 13:15:00,165,v2.1.0,M-8987,1,,13.3
SEFER-00701,TREN-139,HAT-14,2026-04-23 18:15:00,222,v3.0.0,M-7407,0,Sisli,36.3
SEFER-00702,TREN-168,HAT-12,2026-02-18 13:30:00,488,v1.0.4,M-5981,1,yagmurlu,13.0
SEFER-00703,TREN-121,HAT-10,2026-01-24 17:45:00,124,v1.0.4,M-6934,0,Yagmurlu,20.5
SEFER-00704,TREN-119,HAT-07,2026-06-12 10:45:00,78,v1.0.4,M-2922,1,Acik,4.4
SEFER-00705,TREN-176,HAT-07,2026-06-15 18:15:00,67,v2.1.0,M-7150,0,Acik,12.8
SEFER-00706,TREN-160,HAT-14,2026-05-20 21:45:00,238,v3.0.0,M-9351,0,Acik,1.3
SEFER-00707,TREN-103,HAT-10,2026-04-09 00:45:00,456,v3.0.0,M-5888,0,yagmurlu,10.0
SEFER-00708,TREN-113,HAT-06,2026-01-12 02:15:00,251,v3.0.0,M-2047,0,yagmurlu,25.0
SEFER-00709,TREN-127,HAT-11,2026-06-03 10:00:00,142,v1.0.4,M-1641,0,Acik,8.1
SEFER-00710,TREN-174,HAT-04,22.04.2026 15:15,435,v2.4.1,M-6956,0,Acik,0.9
SEFER-00711,TREN-155,HAT-11,2026-01-01 06:15:00,315,v3.0.0,M-6127,1,Karli,25.8
SEFER-00712,TREN-178,HAT-09,2026-03-29 09:15:00,72,v2.1.0,M-3198,0,Yagmurlu,18.4
SEFER-00713,TREN-176,HAT-06,2026-02-17 14:15:00,331,v2.1.0,M-7554,1,Karli,18.0
SEFER-00714,TREN-111,HAT-05,2026-04-26 17:45:00,154,v2.1.0,M-7097,0,Acik,19.9
SEFER-00715,TREN-154,HAT-14,2026-01-27 10:30:00,63,v1.0.4,M-9984,1,yagmurlu,10.8
SEFER-00716,TREN-109,HAT-06,2026-04-20 12:00:00,189,v1.0.4,M-2604,1,Yagmurlu,28.3
SEFER-00717,TREN-129,HAT-07,2026-06-12 16:00:00,319,v3.0.0,M-2565,1,,20.8
SEFER-00718,TREN-174,HAT-14,2026-02-18 09:30:00,137,v2.4.1,M-9711,1,Karli,54.3
SEFER-00719,TREN-162,HAT-10,23.01.2026 00:30,129,v2.4.1,M-1866,1,,1.4
SEFER-00720,TREN-132,HAT-11,2026-04-15 03:45:00,231,v3.0.0,M-9529,0,Sisli,22.0
SEFER-00721,TREN-140,HAT-11,2026-05-27 16:00:00,210,v2.1.0,M-2534,0,Acik,10.1
SEFER-00722,TREN-174,HAT-01,2026-01-15 16:30:00,497,v2.1.0,M-8858,1,Acik,32.7
SEFER-00723,TREN-166,HAT-11,2026-04-26 18:00:00,475,v2.4.1,M-5001,0,,10.1
SEFER-00724,TREN-178,HAT-08,2026-06-14 21:15:00,318,v2.1.0,M-9416,1,Yagmurlu,9.9
SEFER-00725,TREN-107,HAT-07,2026-03-26 19:45:00,223,v1.0.4,M-5752,1,,12.9
SEFER-00726,TREN-162,HAT-05,15.02.2026 10:15,251,v1.0.4,M-8586,1,Yagmurlu,33.6
SEFER-00727,TREN-108,HAT-06,2026-01-02 06:45:00,52,v2.4.1,M-1145,0,Karli,37.1
SEFER-00728,TREN-156,HAT-08,2026-02-03 23:00:00,260,v2.4.1,M-4704,1,Acik,-999.0
SEFER-00729,TREN-151,HAT-06,2026-02-21 07:30:00,465,v3.0.0,M-3651,0,Karli,26.2
SEFER-00730,TREN-146,HAT-12,2026-03-16 07:00:00,151,v3.0.0,M-7898,1,Acik,12.1
SEFER-00731,TREN-105,HAT-03,2026-04-24 22:15:00,186,v2.1.0,M-6322,1,Acik,5.5
SEFER-00732,TREN-165,HAT-12,2026-06-07 20:45:00,455,v1.0.4,M-4874,0,Acik,1.3
SEFER-00733,TREN-144,HAT-07,2026-06-16 21:00:00,298,v2.1.0,M-9376,0,Acik,14.3
SEFER-00734,TREN-132,HAT-05,2026-05-12 02:00:00,176,v1.0.4,M-9230,0,,17.2
SEFER-00735,TREN-125,HAT-14,2026-04-12 03:15:00,69,v3.0.0,M-1289,0,Karli,61.5
SEFER-00736,TREN-112,HAT-14,2026-01-09 22:45:00,374,v1.0.4,M-9353,1,Yagmurlu,10.5
SEFER-00737,TREN-107,HAT-05,2026-01-20 00:30:00,414,v2.1.0,M-1669,0,Sisli,17.8
SEFER-00738,TREN-107,HAT-11,2026-05-08 08:30:00,360,v3.0.0,M-6956,1,Acik,15.6
SEFER-00739,TREN-139,HAT-02,2026-01-17 18:00:00,116,v2.4.1,M-4903,1,Karli,29.5
SEFER-00740,TREN-127,HAT-10,2026-03-07 19:00:00,430,v2.1.0,M-4160,1,yagmurlu,19.3
SEFER-00741,TREN-113,HAT-02,2026-06-10 23:30:00,439,v2.1.0,M-4140,1,Yagmurlu,15.6
SEFER-00742,TREN-171,HAT-12,2026-02-13 08:30:00,417,v3.0.0,M-9581,0,Acik,34.2
SEFER-00743,TREN-122,HAT-10,2026-02-17 00:15:00,81,v3.0.0,M-9723,0,,2.1
SEFER-00744,TREN-122,HAT-08,2026-05-09 08:45:00,360,v2.1.0,M-1145,1,Karli,-999.0
SEFER-00745,TREN-165,HAT-12,2026-05-04 05:30:00,412,v1.0.4,M-9741,0,Karli,23.0
SEFER-00746,TREN-138,HAT-01,2026-04-20 09:15:00,118,v2.1.0,M-4440,0,Karli,45.7
SEFER-00747,TREN-101,HAT-11,2026-03-01 13:30:00,331,v2.4.1,M-6318,0,Karli,27.8
SEFER-00748,TREN-102,HAT-14,2026-03-02 22:15:00,181,v1.0.4,M-7258,1,Acik,7.7
SEFER-00749,TREN-178,HAT-09,2026-02-05 10:45:00,347,v2.1.0,M-8308,0,,16.5
SEFER-00750,TREN-156,HAT-06,26.01.2026 13:45,144,v2.1.0,M-5621,0,Yagmurlu,10.1
SEFER-00751,TREN-140,HAT-03,2026-06-01 07:15:00,146,v3.0.0,M-7594,0,Acik,11.5
SEFER-00752,TREN-168,HAT-03,2026-05-05 06:00:00,60,v1.0.4,M-3165,0,Acik,17.5
SEFER-00753,TREN-111,HAT-05,2026-01-25 14:00:00,-7,v1.0.4,M-4314,0,yagmurlu,21.3
SEFER-00754,TREN-162,HAT-13,2026-04-07 07:45:00,295,v2.4.1,M-9906,0,Yagmurlu,20.8
SEFER-00755,TREN-103,HAT-14,2026-01-08 20:00:00,478,v1.0.4,M-4713,1,Sisli,16.5
SEFER-00756,TREN-150,HAT-03,2026-03-02 13:30:00,246,v1.0.4,M-9057,0,,21.6
SEFER-00757,TREN-115,HAT-04,2026-01-18 14:30:00,110,v1.0.4,M-3475,0,Karli,40.7
SEFER-00758,TREN-155,HAT-09,2026-02-27 09:15:00,391,v2.4.1,M-2702,1,,13.6
SEFER-00759,TREN-164,HAT-11,2026-03-05 05:30:00,89,v2.1.0,M-6247,0,Acik,19.8
SEFER-00760,TREN-150,HAT-08,2026-05-04 08:45:00,268,v2.1.0,M-3979,1,,13.3
SEFER-00761,TREN-146,HAT-06,2026-03-26 14:45:00,358,v2.1.0,M-7278,1,,4.1
SEFER-00762,TREN-171,HAT-08,2026-04-03 04:45:00,246,v2.1.0,M-2429,0,Acik,8.7
SEFER-00763,TREN-147,HAT-01,2026-02-04 22:00:00,118,v2.1.0,M-5828,1,Acik,0.6
SEFER-00764,TREN-119,HAT-14,2026-05-26 21:45:00,78,v2.1.0,M-7184,0,,1.5
SEFER-00765,TREN-155,HAT-06,2026-01-10 11:00:00,478,v2.4.1,M-3314,0,yagmurlu,28.4
SEFER-00766,TREN-132,HAT-02,2026-01-03 09:45:00,430,v2.4.1,M-8703,1,Yagmurlu,31.8
SEFER-00767,TREN-144,HAT-08,2026-05-14 14:00:00,378,v2.1.0,M-1178,1,Acik,9.3
SEFER-00768,TREN-155,HAT-11,2026-06-12 01:45:00,342,v2.1.0,M-5453,0,yagmurlu,11.7
SEFER-00769,TREN-167,HAT-07,2026-06-12 13:15:00,78,v1.0.4,M-8674,1,Yagmurlu,13.0
SEFER-00770,TREN-141,HAT-11,2026-04-20 19:45:00,461,v1.0.4,M-2710,0,Karli,35.4
SEFER-00771,TREN-147,HAT-10,14.05.2026 03:30,327,v2.4.1,M-4075,0,Acik,0.7
SEFER-00772,TREN-105,HAT-04,2026-02-16 04:00:00,338,v2.4.1,M-1138,1,Sisli,15.5
SEFER-00773,TREN-137,HAT-07,2026-03-27 14:15:00,232,v3.0.0,M-9250,0,Yagmurlu,20.1
SEFER-00774,TREN-165,HAT-13,13.05.2026 12:15,294,v2.1.0,M-3482,1,yagmurlu,28.3
SEFER-00775,TREN-111,HAT-15,2026-04-18 01:00:00,160,v2.1.0,M-9218,1,,10.6
SEFER-00776,TREN-158,HAT-13,2026-01-23 15:30:00,270,v3.0.0,M-4917,0,Acik,22.1
SEFER-00777,TREN-179,HAT-10,2026-01-14 01:15:00,99,v1.0.4,M-9174,0,Acik,1.5
SEFER-00778,TREN-159,HAT-06,2026-01-30 05:30:00,236,v3.0.0,M-5226,1,Karli,15.9
SEFER-00779,TREN-133,HAT-13,2026-05-30 20:45:00,113,v2.4.1,M-7568,1,yagmurlu,14.7
SEFER-00780,TREN-180,HAT-15,2026-04-27 09:15:00,369,v3.0.0,M-5306,0,Karli,29.7
SEFER-00781,TREN-180,HAT-11,2026-01-10 23:15:00,129,v3.0.0,M-2195,0,Acik,3.4
SEFER-00782,TREN-150,HAT-14,2026-03-21 03:00:00,323,v1.0.4,M-7503,1,Sisli,16.2
SEFER-00783,TREN-126,HAT-07,2026-02-26 08:00:00,298,v2.4.1,M-8447,0,Yagmurlu,30.1
SEFER-00784,TREN-170,HAT-03,2026-06-12 03:45:00,340,v1.0.4,M-6922,1,Acik,44.1
SEFER-00785,TREN-161,HAT-04,2026-01-10 11:15:00,400,v1.0.4,M-3322,0,Sisli,18.1
SEFER-00786,TREN-136,HAT-07,2026-01-15 04:30:00,264,v2.1.0,M-1880,0,yagmurlu,10.4
SEFER-00787,TREN-155,HAT-06,2026-06-14 15:30:00,264,v2.1.0,M-8156,1,Sisli,21.5
SEFER-00788,TREN-174,HAT-07,2026-05-21 17:00:00,151,v2.1.0,M-6304,1,Acik,22.8
SEFER-00789,TREN-102,HAT-03,2026-06-03 06:45:00,212,v2.4.1,M-9531,0,Acik,15.7
SEFER-00790,TREN-158,HAT-14,2026-05-27 13:15:00,346,v2.1.0,M-7884,0,Acik,0.4
SEFER-00791,TREN-177,HAT-07,2026-02-07 03:30:00,397,v2.4.1,M-1265,1,yagmurlu,39.0
SEFER-00792,TREN-140,HAT-09,2026-05-21 00:00:00,283,v3.0.0,M-9571,1,Sisli,20.3
SEFER-00793,TREN-115,HAT-15,2026-01-31 06:45:00,354,v3.0.0,M-5640,0,Yagmurlu,15.8
SEFER-00794,TREN-112,HAT-13,24.05.2026 03:00,-27,v1.0.4,M-8276,0,Acik,6.9
SEFER-00795,TREN-138,HAT-14,2026-03-14 00:15:00,245,v1.0.4,M-6744,1,Acik,2.2
SEFER-00796,TREN-153,HAT-15,21.05.2026 06:45,164,v2.4.1,M-6036,1,yagmurlu,11.3
SEFER-00797,TREN-131,HAT-01,03.06.2026 21:45,,v2.4.1,M-6490,0,Karli,33.4
SEFER-00798,TREN-174,HAT-07,2026-02-11 12:45:00,474,v2.1.0,M-7396,0,Acik,16.2
SEFER-00799,TREN-152,HAT-15,2026-02-24 13:15:00,460,v3.0.0,M-5263,0,Yagmurlu,15.0
SEFER-00800,TREN-142,HAT-04,17.01.2026 03:00,-50,v1.0.4,M-7265,0,yagmurlu,9.7
SEFER-00801,TREN-117,HAT-08,2026-04-19 12:30:00,163,v3.0.0,M-5267,0,Karli,17.2
SEFER-00802,TREN-136,HAT-02,2026-06-09 19:15:00,346,v1.0.4,M-2754,0,Acik,11.2
SEFER-00803,TREN-137,HAT-05,02.06.2026 22:15,235,v1.0.4,M-7778,0,Yagmurlu,13.0
SEFER-00804,TREN-163,HAT-11,2026-01-14 06:15:00,210,v2.1.0,M-5894,0,,23.9
SEFER-00805,TREN-123,HAT-11,2026-04-08 01:00:00,227,v1.0.4,M-3595,1,Sisli,67.8
SEFER-00806,TREN-116,HAT-04,2026-04-14 16:00:00,439,v2.1.0,M-1483,1,Yagmurlu,10.4
SEFER-00807,TREN-118,HAT-04,2026-01-15 11:15:00,97,v3.0.0,M-9123,1,Karli,27.3
SEFER-00808,TREN-166,HAT-07,2026-06-07 15:15:00,483,v2.4.1,M-3714,0,,3.3
SEFER-00809,TREN-163,HAT-07,2026-05-31 22:45:00,467,v3.0.0,M-4272,1,Karli,24.8
SEFER-00810,TREN-148,HAT-15,2026-04-19 05:00:00,311,v2.4.1,M-7525,0,Karli,23.8
SEFER-00811,TREN-115,HAT-03,2026-05-19 07:30:00,175,v2.1.0,M-6151,0,Acik,12.4
SEFER-00812,TREN-102,HAT-06,2026-04-28 17:00:00,340,v3.0.0,M-5646,0,Karli,47.9
SEFER-00813,TREN-168,HAT-04,2026-01-18 19:30:00,463,v3.0.0,M-8130,1,,10.8
SEFER-00814,TREN-141,HAT-04,2026-02-03 21:00:00,190,v2.4.1,M-7272,0,Sisli,16.3
SEFER-00815,TREN-174,HAT-01,2026-02-18 21:00:00,52,v3.0.0,M-1606,0,Sisli,18.3
SEFER-00816,TREN-144,HAT-11,2026-01-04 00:00:00,262,v2.4.1,M-7559,0,,3.6
SEFER-00817,TREN-172,HAT-13,2026-02-23 16:45:00,406,v1.0.4,M-7126,0,Sisli,21.8
SEFER-00818,TREN-104,HAT-04,2026-01-09 09:00:00,491,v1.0.4,M-4131,1,,22.9
SEFER-00819,TREN-169,HAT-01,2026-06-09 16:00:00,106,v2.4.1,M-7218,1,Acik,29.4
SEFER-00820,TREN-122,HAT-15,2026-01-24 18:45:00,125,v3.0.0,M-8320,0,yagmurlu,39.9
SEFER-00821,TREN-167,HAT-09,2026-02-11 07:45:00,214,v2.4.1,M-2356,1,,16.6
SEFER-00822,TREN-172,HAT-14,2026-05-30 05:15:00,155,v1.0.4,M-4481,0,,0.8
SEFER-00823,TREN-128,HAT-08,2026-05-20 22:45:00,156,v2.4.1,M-6108,1,yagmurlu,22.3
SEFER-00824,TREN-120,HAT-14,2026-03-28 08:00:00,236,v2.1.0,M-7556,0,Sisli,61.9
SEFER-00825,TREN-109,HAT-05,2026-03-14 10:15:00,345,v1.0.4,M-2805,0,,1.1
SEFER-00826,TREN-103,HAT-15,2026-03-20 21:15:00,321,v1.0.4,M-6806,1,Sisli,19.3
SEFER-00827,TREN-128,HAT-03,2026-03-09 23:45:00,,v3.0.0,M-7923,0,Karli,19.6
SEFER-00828,TREN-138,HAT-04,2026-03-10 23:15:00,302,v2.1.0,M-2819,0,yagmurlu,13.7
SEFER-00829,TREN-115,HAT-01,2026-06-03 00:00:00,322,v3.0.0,M-7421,1,Acik,3.2
SEFER-00830,TREN-113,HAT-04,2026-05-06 12:30:00,154,v2.4.1,M-1050,0,Karli,25.1
SEFER-00831,TREN-124,HAT-09,2026-06-05 04:45:00,402,v2.1.0,M-4069,1,Yagmurlu,9.9
SEFER-00832,TREN-159,HAT-03,2026-06-14 11:00:00,60,v2.1.0,M-1159,1,Yagmurlu,44.6
SEFER-00833,TREN-161,HAT-10,2026-01-01 10:45:00,73,v2.1.0,M-9606,0,Acik,8.4
SEFER-00834,TREN-119,HAT-13,2026-01-17 06:00:00,281,v2.4.1,M-8970,1,Sisli,28.3
SEFER-00835,TREN-147,HAT-08,2026-01-03 13:30:00,315,v3.0.0,M-2847,1,,19.4
SEFER-00836,TREN-167,HAT-12,2026-04-20 10:00:00,162,v1.0.4,M-5003,1,,51.3
SEFER-00837,TREN-147,HAT-04,2026-05-08 06:00:00,377,v3.0.0,M-9632,0,Acik,33.7
SEFER-00838,TREN-134,HAT-15,2026-04-27 03:30:00,263,v2.4.1,M-3014,1,Karli,18.7
SEFER-00839,TREN-159,HAT-10,2026-06-15 11:30:00,305,v2.4.1,M-3664,1,,1.6
SEFER-00840,TREN-163,HAT-05,12.01.2026 06:30,,v3.0.0,M-6010,0,Karli,32.5
SEFER-00841,TREN-156,HAT-06,23.04.2026 22:00,499,v2.1.0,M-2409,1,Karli,30.4
SEFER-00842,TREN-119,HAT-12,2026-02-03 19:45:00,162,v3.0.0,M-7923,1,Acik,16.4
SEFER-00843,TREN-113,HAT-15,2026-02-14 20:30:00,273,v2.1.0,M-4268,1,,20.9
SEFER-00844,TREN-118,HAT-07,2026-04-05 20:15:00,340,v3.0.0,M-2573,0,,6.2
SEFER-00845,TREN-168,HAT-08,2026-04-29 17:30:00,233,v3.0.0,M-8557,0,Sisli,29.4
SEFER-00846,TREN-172,HAT-01,13.06.2026 15:45,204,v2.4.1,M-1877,1,Yagmurlu,16.7
SEFER-00847,TREN-117,HAT-07,2026-04-25 14:00:00,315,v2.4.1,M-2753,1,Sisli,33.3
SEFER-00848,TREN-177,HAT-02,2026-05-21 12:30:00,492,v1.0.4,M-4359,0,Acik,1.3
SEFER-00849,TREN-172,HAT-12,2026-06-15 07:45:00,377,v1.0.4,M-8945,0,Yagmurlu,21.6
SEFER-00850,TREN-115,HAT-02,2026-01-01 06:15:00,99,v3.0.0,M-7401,0,Yagmurlu,10.3
SEFER-00851,TREN-116,HAT-05,2026-03-11 07:45:00,480,v3.0.0,M-3018,1,yagmurlu,21.0
SEFER-00852,TREN-119,HAT-11,2026-01-04 22:15:00,173,v2.1.0,M-8801,1,Yagmurlu,15.2
SEFER-00853,TREN-138,HAT-05,2026-04-25 04:00:00,391,v1.0.4,M-8601,1,Karli,20.0
SEFER-00854,TREN-155,HAT-03,2026-01-06 00:30:00,55,v3.0.0,M-1698,1,yagmurlu,11.6
SEFER-00855,TREN-118,HAT-08,2026-05-31 20:45:00,233,v2.4.1,M-9602,1,yagmurlu,27.4
SEFER-00856,TREN-166,HAT-02,2026-01-31 00:15:00,223,v2.4.1,M-5963,1,Sisli,27.6
SEFER-00857,TREN-109,HAT-15,2026-05-24 11:45:00,387,v2.4.1,M-3120,1,Yagmurlu,16.6
SEFER-00858,TREN-176,HAT-10,01.03.2026 15:45,,v1.0.4,M-9182,1,,1.7
SEFER-00859,TREN-142,HAT-13,2026-02-09 18:15:00,422,v1.0.4,M-2014,1,Sisli,39.1
SEFER-00860,TREN-115,HAT-01,2026-05-25 18:00:00,373,v3.0.0,M-7187,0,Acik,35.7
SEFER-00861,TREN-174,HAT-09,2026-02-04 08:15:00,196,v2.1.0,M-2409,0,Yagmurlu,20.2
SEFER-00862,TREN-113,HAT-04,2026-01-06 22:15:00,258,v2.1.0,M-9653,1,yagmurlu,15.9
SEFER-00863,TREN-125,HAT-14,2026-02-05 15:45:00,336,v3.0.0,M-2161,0,Yagmurlu,24.2
SEFER-00864,TREN-117,HAT-13,2026-03-30 12:30:00,76,v2.4.1,M-5118,1,yagmurlu,15.8
SEFER-00865,TREN-146,HAT-02,2026-05-30 03:15:00,344,v2.4.1,M-7540,0,Yagmurlu,27.2
SEFER-00866,TREN-170,HAT-12,2026-06-02 10:00:00,184,v2.4.1,M-4285,1,,0.3
SEFER-00867,TREN-108,HAT-03,2026-02-05 02:30:00,499,v1.0.4,M-6666,0,Acik,2.7
SEFER-00868,TREN-154,HAT-10,2026-05-07 10:00:00,116,v3.0.0,M-9316,0,Karli,27.8
SEFER-00869,TREN-145,HAT-07,2026-03-23 18:30:00,166,v2.1.0,M-9752,1,Acik,36.8
SEFER-00870,TREN-103,HAT-09,2026-03-24 12:00:00,114,v1.0.4,M-8175,0,Sisli,27.1
SEFER-00871,TREN-179,HAT-15,2026-03-05 00:30:00,79,v2.1.0,M-7767,0,Yagmurlu,10.6
SEFER-00872,TREN-102,HAT-14,2026-05-04 02:15:00,114,v2.4.1,M-5001,1,Sisli,17.0
SEFER-00873,TREN-117,HAT-10,2026-03-10 03:45:00,89,v2.4.1,M-4609,1,Karli,42.9
SEFER-00874,TREN-139,HAT-06,2026-05-14 09:30:00,186,v1.0.4,M-6679,1,Karli,37.0
SEFER-00875,TREN-180,HAT-08,2026-02-17 23:00:00,316,v1.0.4,M-7101,0,Yagmurlu,11.6
SEFER-00876,TREN-105,HAT-04,2026-04-30 10:45:00,108,v2.4.1,M-7294,1,Acik,6.9
SEFER-00877,TREN-111,HAT-01,2026-02-17 21:45:00,246,v2.1.0,M-8062,0,Sisli,15.5
SEFER-00878,TREN-140,HAT-01,2026-04-03 16:30:00,436,v2.1.0,M-1448,1,Karli,40.6
SEFER-00879,TREN-180,HAT-07,2026-05-29 00:45:00,435,v2.4.1,M-9761,1,Acik,16.5
SEFER-00880,TREN-155,HAT-10,2026-05-03 23:30:00,431,v2.4.1,M-2401,0,Yagmurlu,9.4
SEFER-00881,TREN-170,HAT-05,27.02.2026 20:45,187,v1.0.4,M-3036,1,,2.9
SEFER-00882,TREN-173,HAT-11,2026-02-25 00:30:00,58,v2.4.1,M-8867,0,Sisli,15.1
SEFER-00883,TREN-153,HAT-01,2026-04-10 03:00:00,210,v2.4.1,M-5252,1,Acik,5.8
SEFER-00884,TREN-117,HAT-04,2026-04-18 19:15:00,75,v3.0.0,M-6199,0,Yagmurlu,19.2
SEFER-00885,TREN-171,HAT-12,2026-02-09 03:00:00,181,v2.4.1,M-9854,0,Acik,11.3
SEFER-00886,TREN-177,HAT-04,01.03.2026 22:00,311,v2.4.1,M-7815,0,Acik,2.7
SEFER-00887,TREN-155,HAT-15,18.02.2026 13:15,234,v2.4.1,M-8711,1,Karli,51.9
SEFER-00888,TREN-180,HAT-01,28.01.2026 14:30,352,v2.4.1,M-9368,1,Acik,1.1
SEFER-00889,TREN-128,HAT-07,2026-05-23 00:00:00,440,v2.1.0,M-9249,1,,0.8
SEFER-00890,TREN-169,HAT-12,2026-01-21 22:00:00,316,v2.4.1,M-4998,1,Sisli,18.8
SEFER-00891,TREN-132,HAT-13,2026-05-12 06:30:00,109,v3.0.0,M-6929,0,,2.8
SEFER-00892,TREN-146,HAT-09,2026-03-28 13:00:00,359,v2.1.0,M-9808,0,Yagmurlu,14.0
SEFER-00893,TREN-153,HAT-11,2026-04-11 01:15:00,224,v2.1.0,M-9096,0,Karli,16.3
SEFER-00894,TREN-124,HAT-15,2026-03-19 17:00:00,441,v1.0.4,M-3070,0,yagmurlu,30.4
SEFER-00895,TREN-156,HAT-01,2026-04-29 00:15:00,493,v2.4.1,M-3088,1,yagmurlu,33.1
SEFER-00896,TREN-172,HAT-04,2026-05-02 18:30:00,222,v1.0.4,M-2208,1,yagmurlu,27.4
SEFER-00897,TREN-158,HAT-15,2026-03-12 00:45:00,437,v1.0.4,M-3494,0,Sisli,27.0
SEFER-00898,TREN-176,HAT-10,2026-03-05 09:45:00,310,v1.0.4,M-4805,1,,18.9
SEFER-00899,TREN-164,HAT-06,2026-01-09 11:45:00,437,v2.1.0,M-8053,1,Yagmurlu,38.7
SEFER-00900,TREN-174,HAT-15,16.04.2026 06:30,110,v2.1.0,M-5726,1,Karli,18.2
SEFER-00901,TREN-178,HAT-13,2026-01-19 08:15:00,155,v1.0.4,M-1651,0,yagmurlu,36.3
SEFER-00902,TREN-101,HAT-08,2026-05-23 07:00:00,342,v3.0.0,M-5832,0,Sisli,38.2
SEFER-00903,TREN-116,HAT-08,2026-06-01 22:45:00,120,v2.4.1,M-2295,0,Karli,28.2
SEFER-00904,TREN-110,HAT-06,2026-01-27 23:30:00,312,v2.4.1,M-1628,1,,15.0
SEFER-00905,TREN-113,HAT-15,2026-05-01 14:30:00,478,v1.0.4,M-5029,0,,0.4
SEFER-00906,TREN-176,HAT-07,2026-05-30 02:15:00,127,v2.4.1,M-3159,0,Sisli,31.8
SEFER-00907,TREN-112,HAT-09,27.05.2026 12:15,,v1.0.4,M-7851,1,yagmurlu,17.4
SEFER-00908,TREN-179,HAT-07,2026-04-18 22:15:00,386,v2.4.1,M-8947,1,Yagmurlu,29.0
SEFER-00909,TREN-151,HAT-10,2026-03-03 04:45:00,436,v2.1.0,M-7960,0,Karli,20.4
SEFER-00910,TREN-123,HAT-08,2026-06-13 11:30:00,253,v3.0.0,M-7750,0,,1.4
SEFER-00911,TREN-104,HAT-05,2026-02-15 23:15:00,81,v2.4.1,M-7737,1,yagmurlu,22.8
SEFER-00912,TREN-157,HAT-07,2026-03-10 06:30:00,422,v2.4.1,M-8334,1,Yagmurlu,12.2
SEFER-00913,TREN-129,HAT-10,2026-05-30 16:15:00,106,v1.0.4,M-1345,1,yagmurlu,17.4
SEFER-00914,TREN-112,HAT-13,2026-05-01 12:30:00,333,v2.4.1,M-9773,0,Acik,10.6
SEFER-00915,TREN-121,HAT-14,2026-04-02 16:45:00,460,v2.1.0,M-5074,0,Yagmurlu,32.2
SEFER-00916,TREN-105,HAT-14,2026-01-04 16:00:00,71,v2.1.0,M-1553,1,Yagmurlu,11.3
SEFER-00917,TREN-116,HAT-14,2026-05-15 01:45:00,429,v3.0.0,M-1330,0,Karli,34.8
SEFER-00918,TREN-170,HAT-10,07.06.2026 02:15,250,v2.4.1,M-7965,0,Yagmurlu,25.8
SEFER-00919,TREN-139,HAT-05,20.03.2026 13:15,345,v2.1.0,M-7657,1,Sisli,19.7
SEFER-00920,TREN-162,HAT-05,2026-06-05 03:15:00,422,v1.0.4,M-8409,0,Sisli,45.3
SEFER-00921,TREN-174,HAT-01,2026-03-10 01:15:00,105,v1.0.4,M-2562,0,,3.7
SEFER-00922,TREN-127,HAT-14,2026-06-11 00:45:00,256,v2.1.0,M-1965,1,yagmurlu,26.2
SEFER-00923,TREN-133,HAT-07,2026-02-23 09:30:00,,v1.0.4,M-5393,0,,18.3
SEFER-00924,TREN-172,HAT-13,2026-03-25 15:45:00,214,v1.0.4,M-2721,1,Sisli,27.3
SEFER-00925,TREN-110,HAT-07,2026-01-22 23:00:00,135,v1.0.4,M-7949,1,Yagmurlu,13.8
SEFER-00926,TREN-122,HAT-11,2026-05-18 07:45:00,264,v2.4.1,M-5441,1,Sisli,25.1
SEFER-00927,TREN-179,HAT-15,2026-03-05 16:15:00,154,v2.4.1,M-8735,1,yagmurlu,38.4
SEFER-00928,TREN-127,HAT-15,2026-02-26 14:15:00,292,v3.0.0,M-2098,0,Acik,3.8
SEFER-00929,TREN-140,HAT-12,2026-02-02 06:15:00,219,v2.1.0,M-2093,1,Acik,0.6
SEFER-00930,TREN-172,HAT-15,2026-02-08 19:30:00,190,v2.4.1,M-7017,1,Karli,42.2
SEFER-00931,TREN-133,HAT-09,03.04.2026 14:15,424,v1.0.4,M-3075,1,Yagmurlu,11.3
SEFER-00932,TREN-143,HAT-10,2026-05-13 00:30:00,365,v1.0.4,M-4798,0,,24.0
SEFER-00933,TREN-112,HAT-15,2026-05-18 08:15:00,50,v2.1.0,M-9383,1,Karli,25.8
SEFER-00934,TREN-155,HAT-11,2026-03-22 18:30:00,173,v3.0.0,M-6816,1,yagmurlu,23.0
SEFER-00935,TREN-167,HAT-06,2026-04-01 19:00:00,135,v3.0.0,M-8235,1,,27.9
SEFER-00936,TREN-133,HAT-11,2026-01-21 18:45:00,493,v2.4.1,M-7948,0,Karli,44.3
SEFER-00937,TREN-179,HAT-09,2026-05-30 19:15:00,432,v2.1.0,M-1091,1,Acik,12.2
SEFER-00938,TREN-143,HAT-02,2026-06-05 17:30:00,56,v3.0.0,M-7525,0,yagmurlu,21.2
SEFER-00939,TREN-133,HAT-05,2026-04-17 23:00:00,491,v3.0.0,M-9033,0,,26.3
SEFER-00940,TREN-161,HAT-12,30.05.2026 13:00,,v2.1.0,M-2356,1,,1.7
SEFER-00941,TREN-116,HAT-01,2026-03-17 22:00:00,192,v2.4.1,M-6185,0,Yagmurlu,18.6
SEFER-00942,TREN-176,HAT-12,2026-06-11 09:30:00,256,v1.0.4,M-4161,0,Sisli,43.2
SEFER-00943,TREN-135,HAT-02,30.01.2026 16:45,402,v1.0.4,M-6098,1,yagmurlu,13.3
SEFER-00944,TREN-172,HAT-06,2026-01-21 08:30:00,94,v1.0.4,M-3990,0,yagmurlu,44.6
SEFER-00945,TREN-124,HAT-06,2026-04-12 03:00:00,161,v2.1.0,M-6042,0,,4.7
SEFER-00946,TREN-117,HAT-05,2026-01-10 08:45:00,121,v2.1.0,M-5469,0,yagmurlu,21.8
SEFER-00947,TREN-123,HAT-05,2026-02-14 12:45:00,346,v3.0.0,M-3793,0,Karli,19.3
SEFER-00948,TREN-175,HAT-07,2026-01-27 19:15:00,380,v2.4.1,M-2486,0,,25.9
SEFER-00949,TREN-134,HAT-04,22.03.2026 01:30,387,v2.4.1,M-7099,1,,2.1
SEFER-00950,TREN-176,HAT-15,2026-01-07 00:30:00,495,v2.4.1,M-2641,0,Acik,1.7
SEFER-00951,TREN-146,HAT-05,2026-01-29 00:45:00,274,v3.0.0,M-7542,1,yagmurlu,14.1
SEFER-00952,TREN-132,HAT-05,2026-05-04 16:30:00,255,v2.1.0,M-9306,0,Karli,15.4
SEFER-00953,TREN-154,HAT-07,2026-05-13 08:30:00,64,v2.1.0,M-3286,0,Yagmurlu,25.2
SEFER-00954,TREN-143,HAT-13,2026-06-14 01:00:00,442,v2.1.0,M-8546,0,Yagmurlu,24.2
SEFER-00955,TREN-119,HAT-04,2026-05-31 22:15:00,170,v2.1.0,M-7131,0,Yagmurlu,13.7
SEFER-00956,TREN-162,HAT-03,2026-03-01 01:00:00,407,v3.0.0,M-4977,0,Yagmurlu,32.4
SEFER-00957,TREN-150,HAT-03,2026-02-24 13:15:00,194,v3.0.0,M-9750,0,,13.1
SEFER-00958,TREN-145,HAT-08,2026-04-25 13:00:00,443,v1.0.4,M-7523,0,Yagmurlu,12.6
SEFER-00959,TREN-130,HAT-03,27.03.2026 13:15,97,v2.1.0,M-5668,1,Karli,19.8
SEFER-00960,TREN-150,HAT-11,21.05.2026 09:45,265,v1.0.4,M-8617,0,Yagmurlu,19.8
SEFER-00961,TREN-145,HAT-11,2026-05-06 07:00:00,463,v3.0.0,M-8449,0,Acik,11.8
SEFER-00962,TREN-163,HAT-11,2026-06-14 01:45:00,,v3.0.0,M-9225,1,Sisli,18.0
SEFER-00963,TREN-161,HAT-12,2026-02-27 10:30:00,267,v1.0.4,M-3463,0,yagmurlu,22.3
SEFER-00964,TREN-144,HAT-15,2026-05-02 00:30:00,422,v1.0.4,M-2991,1,Sisli,20.7
SEFER-00965,TREN-159,HAT-06,2026-01-09 19:30:00,201,v2.4.1,M-7833,0,Acik,17.8
SEFER-00966,TREN-158,HAT-06,2026-02-21 01:00:00,68,v1.0.4,M-9765,0,yagmurlu,21.4
SEFER-00967,TREN-117,HAT-12,2026-01-25 22:45:00,284,v3.0.0,M-1665,0,,9.6
SEFER-00968,TREN-142,HAT-06,2026-01-07 18:15:00,465,v1.0.4,M-6534,1,Acik,14.8
SEFER-00969,TREN-155,HAT-07,2026-01-05 01:15:00,384,v3.0.0,M-2907,0,,21.4
SEFER-00970,TREN-174,HAT-05,2026-02-21 23:15:00,,v3.0.0,M-5502,0,yagmurlu,14.4
SEFER-00971,TREN-136,HAT-09,2026-04-25 20:00:00,397,v1.0.4,M-7788,0,Karli,18.2
SEFER-00972,TREN-136,HAT-05,21.03.2026 04:30,413,v3.0.0,M-7893,1,Karli,17.5
SEFER-00973,TREN-170,HAT-07,2026-03-23 10:00:00,471,v3.0.0,M-4451,0,Sisli,16.6
SEFER-00974,TREN-150,HAT-05,2026-03-11 00:00:00,90,v1.0.4,M-4400,1,,6.7
SEFER-00975,TREN-139,HAT-05,2026-05-09 09:30:00,129,v3.0.0,M-7805,0,yagmurlu,26.8
SEFER-00976,TREN-137,HAT-09,2026-05-08 05:45:00,325,v1.0.4,M-2588,1,Yagmurlu,12.8
SEFER-00977,TREN-128,HAT-04,2026-01-20 03:30:00,448,v2.4.1,M-4567,1,,38.6
SEFER-00978,TREN-177,HAT-05,2026-02-24 18:30:00,401,v3.0.0,M-4688,1,,24.3
SEFER-00979,TREN-164,HAT-13,2026-03-21 10:30:00,497,v2.4.1,M-8602,0,Yagmurlu,-999.0
SEFER-00980,TREN-113,HAT-07,2026-04-10 06:45:00,375,v1.0.4,M-7697,0,Acik,9.6
SEFER-00981,TREN-142,HAT-10,2026-02-12 21:15:00,96,v3.0.0,M-9377,0,Karli,15.2
SEFER-00982,TREN-121,HAT-08,2026-03-05 05:15:00,152,v1.0.4,M-4391,1,Karli,16.4
SEFER-00983,TREN-159,HAT-04,2026-04-27 22:45:00,286,v2.4.1,M-3609,0,yagmurlu,18.3
SEFER-00984,TREN-160,HAT-12,14.06.2026 12:00,,v3.0.0,M-7313,0,,5.2
SEFER-00985,TREN-154,HAT-05,2026-06-01 00:00:00,323,v1.0.4,M-5799,1,,0.2
SEFER-00986,TREN-106,HAT-06,2026-03-10 10:45:00,124,v1.0.4,M-3768,1,Karli,29.2
SEFER-00987,TREN-153,HAT-11,2026-02-28 05:15:00,157,v1.0.4,M-8507,1,Karli,16.0
SEFER-00988,TREN-132,HAT-13,2026-02-14 14:30:00,453,v1.0.4,M-3294,0,Sisli,27.0
SEFER-00989,TREN-167,HAT-05,2026-01-05 16:15:00,415,v2.4.1,M-8787,1,Karli,18.7
SEFER-00990,TREN-138,HAT-03,2026-05-08 04:15:00,246,v2.1.0,M-5963,0,Karli,25.1
SEFER-00991,TREN-175,HAT-01,2026-02-14 12:30:00,314,v2.4.1,M-3553,1,Sisli,21.5
SEFER-00992,TREN-167,HAT-06,2026-03-06 18:45:00,296,v1.0.4,M-6609,0,Yagmurlu,24.6
SEFER-00993,TREN-140,HAT-04,2026-02-08 12:15:00,454,v3.0.0,M-1199,0,Acik,10.5
SEFER-00994,TREN-126,HAT-06,2026-04-24 14:00:00,218,v1.0.4,M-1917,1,yagmurlu,8.7
SEFER-00995,TREN-173,HAT-09,2026-02-12 13:15:00,403,v3.0.0,M-3907,0,,19.5
SEFER-00996,TREN-178,HAT-05,05.04.2026 10:30,475,v2.4.1,M-1997,0,Acik,23.7
SEFER-00997,TREN-130,HAT-04,2026-04-11 04:45:00,450,v2.1.0,M-8836,0,Acik,3.8
SEFER-00998,TREN-157,HAT-02,23.03.2026 11:15,356,v3.0.0,M-2827,1,Sisli,-999.0
SEFER-00999,TREN-125,HAT-10,2026-05-18 18:45:00,258,v2.4.1,M-9311,1,yagmurlu,21.2
SEFER-01000,TREN-166,HAT-05,2026-06-12 15:30:00,224,v3.0.0,M-2826,0,Karli,26.3
SEFER-01001,TREN-163,HAT-01,2026-02-24 17:45:00,439,v3.0.0,M-6610,0,Sisli,36.2
SEFER-01002,TREN-125,HAT-13,2026-01-19 19:15:00,213,v2.1.0,M-3532,1,yagmurlu,24.4
SEFER-01003,TREN-121,HAT-04,2026-05-12 01:45:00,362,v3.0.0,M-7830,1,,1.7
SEFER-01004,TREN-130,HAT-15,2026-02-15 02:45:00,239,v2.4.1,M-8368,1,Yagmurlu,11.7
SEFER-01005,TREN-155,HAT-10,09.03.2026 09:45,78,v3.0.0,M-5492,0,Sisli,29.4
SEFER-01006,TREN-126,HAT-04,2026-04-24 05:30:00,214,v2.1.0,M-4522,1,Sisli,30.7
SEFER-01007,TREN-136,HAT-02,2026-01-13 22:15:00,419,v1.0.4,M-7390,1,yagmurlu,14.3
SEFER-01008,TREN-132,HAT-05,14.04.2026 19:45,,v2.4.1,M-2819,1,Karli,28.2
SEFER-01009,TREN-118,HAT-15,2026-05-09 05:00:00,261,v2.1.0,M-2441,1,Yagmurlu,28.7
SEFER-01010,TREN-132,HAT-06,2026-04-08 23:30:00,403,v2.4.1,M-6918,1,Acik,1.5
SEFER-01011,TREN-128,HAT-03,2026-02-25 01:45:00,151,v1.0.4,M-3298,0,,35.6
SEFER-01012,TREN-153,HAT-07,2026-03-09 21:45:00,80,v1.0.4,M-9261,1,yagmurlu,12.7
SEFER-01013,TREN-169,HAT-08,2026-02-18 11:30:00,339,v2.1.0,M-9413,0,Acik,36.6
SEFER-01014,TREN-174,HAT-15,2026-03-22 04:15:00,270,v2.1.0,M-6413,0,Karli,21.3
SEFER-01015,TREN-124,HAT-11,2026-04-09 10:30:00,428,v2.4.1,M-1104,1,Sisli,37.0
SEFER-01016,TREN-103,HAT-01,2026-02-08 16:30:00,164,v3.0.0,M-4282,1,yagmurlu,19.2
SEFER-01017,TREN-174,HAT-03,2026-02-02 11:15:00,63,v2.1.0,M-9848,1,yagmurlu,17.2
SEFER-01018,TREN-109,HAT-06,2026-05-29 19:30:00,153,v2.1.0,M-4559,1,Karli,26.8
SEFER-01019,TREN-104,HAT-03,2026-05-31 00:45:00,63,v2.1.0,M-7232,0,Sisli,35.2
SEFER-01020,TREN-158,HAT-08,2026-03-10 09:15:00,467,v1.0.4,M-3668,0,Acik,11.0
SEFER-01021,TREN-116,HAT-08,2026-05-07 15:30:00,147,v2.4.1,M-8831,1,Yagmurlu,50.1
SEFER-01022,TREN-166,HAT-02,11.06.2026 12:45,265,v2.4.1,M-6078,0,Sisli,47.6
SEFER-01023,TREN-156,HAT-14,2026-04-22 12:30:00,383,v1.0.4,M-5500,1,,16.6
SEFER-01024,TREN-106,HAT-03,2026-05-25 21:15:00,-34,v1.0.4,M-2002,0,Yagmurlu,9.5
SEFER-01025,TREN-138,HAT-06,2026-04-16 15:45:00,139,v2.1.0,M-6981,0,yagmurlu,41.6
SEFER-01026,TREN-121,HAT-01,2026-03-27 03:15:00,480,v1.0.4,M-6432,0,Karli,24.7
SEFER-01027,TREN-161,HAT-01,2026-05-06 16:15:00,,v2.1.0,M-3591,0,Sisli,29.4
SEFER-01028,TREN-102,HAT-06,03.06.2026 08:15,107,v3.0.0,M-3202,0,Sisli,31.2
SEFER-01029,TREN-140,HAT-08,2026-03-22 09:30:00,237,v3.0.0,M-4215,0,yagmurlu,29.0
SEFER-01030,TREN-129,HAT-09,2026-01-23 09:15:00,98,v1.0.4,M-5092,0,,15.2
SEFER-01031,TREN-133,HAT-03,2026-05-05 20:30:00,392,v2.4.1,M-3157,1,yagmurlu,15.3
SEFER-01032,TREN-155,HAT-06,2026-04-24 02:15:00,67,v1.0.4,M-4242,0,,23.6
SEFER-01033,TREN-102,HAT-03,2026-04-19 13:00:00,253,v2.4.1,M-4076,1,Karli,15.1
SEFER-01034,TREN-158,HAT-04,2026-03-19 14:30:00,193,v2.4.1,M-4052,1,,14.6
SEFER-01035,TREN-144,HAT-13,2026-05-30 01:45:00,99,v2.4.1,M-2034,1,,19.4
SEFER-01036,TREN-155,HAT-11,05.01.2026 14:15,474,v2.1.0,M-6695,1,Acik,1.3
SEFER-01037,TREN-158,HAT-07,2026-04-05 16:00:00,143,v2.1.0,M-3321,0,Sisli,32.1
SEFER-01038,TREN-103,HAT-04,2026-05-06 10:30:00,338,v2.4.1,M-9838,0,yagmurlu,15.4
SEFER-01039,TREN-168,HAT-03,2026-03-06 03:15:00,374,v2.1.0,M-9860,1,yagmurlu,10.6
SEFER-01040,TREN-126,HAT-05,2026-01-09 14:45:00,265,v2.4.1,M-1005,0,Sisli,21.3
SEFER-01041,TREN-133,HAT-12,2026-04-06 02:30:00,354,v2.1.0,M-8879,0,Acik,0.6
SEFER-01042,TREN-132,HAT-07,2026-05-15 10:15:00,149,v2.4.1,M-3300,1,Yagmurlu,26.0
SEFER-01043,TREN-116,HAT-12,2026-05-07 11:15:00,191,v2.4.1,M-9589,0,Karli,15.1
SEFER-01044,TREN-177,HAT-08,2026-02-09 21:45:00,430,v2.4.1,M-5458,0,yagmurlu,14.1
SEFER-01045,TREN-149,HAT-14,2026-06-02 08:30:00,349,v3.0.0,M-5769,0,Yagmurlu,38.9
SEFER-01046,TREN-167,HAT-02,2026-01-16 08:30:00,303,v1.0.4,M-5590,1,,43.0
SEFER-01047,TREN-133,HAT-11,2026-03-28 22:30:00,232,v3.0.0,M-4977,1,Acik,0.1
SEFER-01048,TREN-129,HAT-10,2026-03-16 06:30:00,412,v3.0.0,M-9502,1,Sisli,23.2
SEFER-01049,TREN-106,HAT-10,2026-01-19 15:00:00,441,v3.0.0,M-7451,0,Yagmurlu,12.5
SEFER-01050,TREN-145,HAT-11,2026-05-15 18:45:00,317,v3.0.0,M-1420,0,Acik,38.2
SEFER-01051,TREN-173,HAT-03,05.01.2026 08:30,460,v2.4.1,M-6875,1,Acik,23.1
SEFER-01052,TREN-146,HAT-04,2026-02-17 11:45:00,407,v2.1.0,M-9966,1,,3.1
SEFER-01053,TREN-152,HAT-13,2026-03-01 17:15:00,220,v2.1.0,M-6186,1,Karli,34.6
SEFER-01054,TREN-113,HAT-15,2026-05-04 11:00:00,304,v2.4.1,M-8953,1,,2.1
SEFER-01055,TREN-144,HAT-13,2026-03-16 23:30:00,215,v2.4.1,M-9818,0,Acik,1.2
SEFER-01056,TREN-151,HAT-10,2026-04-29 23:00:00,356,v2.4.1,M-9729,1,,5.2
SEFER-01057,TREN-151,HAT-03,2026-06-07 11:45:00,467,v2.4.1,M-4683,1,Karli,24.5
SEFER-01058,TREN-106,HAT-04,2026-04-04 18:15:00,303,v2.1.0,M-4700,1,Yagmurlu,35.9
SEFER-01059,TREN-128,HAT-03,2026-01-03 08:30:00,,v2.1.0,M-7755,0,yagmurlu,24.6
SEFER-01060,TREN-167,HAT-10,2026-03-10 10:45:00,236,v2.1.0,M-6245,1,Karli,20.6
SEFER-01061,TREN-110,HAT-12,2026-01-24 04:30:00,176,v3.0.0,M-9771,1,yagmurlu,16.7
SEFER-01062,TREN-114,HAT-13,2026-05-22 06:15:00,380,v2.4.1,M-1871,1,yagmurlu,25.2
SEFER-01063,TREN-180,HAT-08,27.03.2026 02:45,61,v2.4.1,M-8809,0,yagmurlu,14.0
SEFER-01064,TREN-109,HAT-11,2026-03-02 17:00:00,179,v3.0.0,M-3184,1,,10.3
SEFER-01065,TREN-128,HAT-11,2026-03-19 09:30:00,219,v3.0.0,M-3363,1,Yagmurlu,26.4
SEFER-01066,TREN-101,HAT-10,2026-01-10 06:30:00,86,v2.1.0,M-4188,0,yagmurlu,8.7
SEFER-01067,TREN-177,HAT-13,2026-05-10 18:15:00,,v1.0.4,M-7611,1,Sisli,38.0
SEFER-01068,TREN-153,HAT-07,2026-04-30 02:45:00,99,v2.4.1,M-9186,0,Karli,19.4
SEFER-01069,TREN-124,HAT-05,2026-03-10 18:15:00,374,v2.4.1,M-1334,0,Acik,14.2
SEFER-01070,TREN-172,HAT-01,27.04.2026 18:30,-34,v1.0.4,M-7141,0,Acik,10.0
SEFER-01071,TREN-123,HAT-04,2026-04-19 21:45:00,226,v2.4.1,M-3898,1,Acik,20.6
SEFER-01072,TREN-123,HAT-09,26.01.2026 15:45,,v1.0.4,M-6106,1,yagmurlu,29.9
SEFER-01073,TREN-114,HAT-06,2026-04-27 19:15:00,101,v2.4.1,M-8449,1,Sisli,27.1
SEFER-01074,TREN-158,HAT-02,2026-04-25 09:00:00,172,v2.4.1,M-1960,1,Sisli,27.1
SEFER-01075,TREN-176,HAT-02,2026-05-25 22:00:00,319,v3.0.0,M-9951,0,yagmurlu,16.6
SEFER-01076,TREN-137,HAT-06,2026-01-24 08:45:00,370,v3.0.0,M-1390,1,Sisli,30.2
SEFER-01077,TREN-114,HAT-06,2026-04-07 00:45:00,452,v1.0.4,M-4081,0,Karli,29.7
SEFER-01078,TREN-140,HAT-15,2026-04-11 12:15:00,323,v2.1.0,M-6763,0,Acik,0.5
SEFER-01079,TREN-156,HAT-12,2026-03-29 00:15:00,72,v2.1.0,M-6247,0,Yagmurlu,9.0
SEFER-01080,TREN-127,HAT-08,05.02.2026 12:00,402,v2.1.0,M-6419,0,Acik,-999.0
SEFER-01081,TREN-150,HAT-14,2026-02-09 05:30:00,129,v2.4.1,M-7927,1,Yagmurlu,17.1
SEFER-01082,TREN-127,HAT-15,2026-04-22 18:30:00,-27,v3.0.0,M-5152,0,Sisli,28.3
SEFER-01083,TREN-151,HAT-01,2026-04-30 00:45:00,86,v3.0.0,M-2089,0,,1.2
SEFER-01084,TREN-169,HAT-06,2026-01-29 19:30:00,405,v2.4.1,M-2777,0,Sisli,28.4
SEFER-01085,TREN-151,HAT-14,2026-06-01 09:15:00,304,v3.0.0,M-8844,0,Yagmurlu,19.4
SEFER-01086,TREN-115,HAT-04,2026-01-07 17:45:00,462,v3.0.0,M-3338,1,Acik,12.8
SEFER-01087,TREN-177,HAT-13,2026-01-08 06:15:00,72,v2.4.1,M-3875,1,yagmurlu,8.1
SEFER-01088,TREN-160,HAT-04,2026-06-04 02:00:00,199,v2.1.0,M-6503,1,yagmurlu,8.7
SEFER-01089,TREN-104,HAT-14,2026-03-17 10:00:00,197,v2.4.1,M-1929,0,yagmurlu,9.8
SEFER-01090,TREN-109,HAT-07,2026-03-30 15:00:00,214,v2.1.0,M-1096,1,Karli,15.4
SEFER-01091,TREN-101,HAT-10,2026-01-11 05:45:00,164,v1.0.4,M-8805,1,,0.4
SEFER-01092,TREN-137,HAT-11,2026-04-16 09:45:00,399,v3.0.0,M-8850,0,Sisli,34.5
SEFER-01093,TREN-159,HAT-09,2026-05-31 08:30:00,424,v2.4.1,M-3626,1,Yagmurlu,51.0
SEFER-01094,TREN-103,HAT-07,2026-05-18 17:30:00,413,v2.1.0,M-6782,0,yagmurlu,37.1
SEFER-01095,TREN-152,HAT-07,2026-06-01 01:45:00,248,v3.0.0,M-3180,0,Sisli,19.5
SEFER-01096,TREN-132,HAT-04,2026-05-02 20:15:00,423,v3.0.0,M-9981,1,,15.3
SEFER-01097,TREN-148,HAT-11,2026-02-22 15:15:00,327,v3.0.0,M-1833,0,,6.0
SEFER-01098,TREN-128,HAT-06,2026-04-05 09:15:00,271,v2.1.0,M-7323,0,Yagmurlu,46.7
SEFER-01099,TREN-135,HAT-12,2026-04-27 09:15:00,460,v2.1.0,M-3139,1,Yagmurlu,19.6
SEFER-01100,TREN-141,HAT-10,2026-06-09 11:00:00,93,v1.0.4,M-6431,0,Acik,0.1
SEFER-01101,TREN-141,HAT-15,2026-06-04 03:30:00,159,v2.4.1,M-8317,1,Karli,33.4
SEFER-01102,TREN-144,HAT-12,2026-01-31 03:30:00,131,v3.0.0,M-3593,1,Yagmurlu,9.8
SEFER-01103,TREN-136,HAT-12,2026-05-25 23:15:00,125,v3.0.0,M-8746,1,Sisli,16.0
SEFER-01104,TREN-162,HAT-03,2026-05-12 04:00:00,235,v1.0.4,M-9057,1,Sisli,23.8
SEFER-01105,TREN-144,HAT-02,01.06.2026 13:30,203,v2.1.0,M-6254,1,,5.0
SEFER-01106,TREN-111,HAT-06,14.04.2026 03:45,263,v2.4.1,M-9526,0,Yagmurlu,12.5
SEFER-01107,TREN-163,HAT-06,04.06.2026 20:15,206,v1.0.4,M-5470,1,Karli,21.0
SEFER-01108,TREN-111,HAT-06,2026-04-05 08:00:00,369,v3.0.0,M-4270,1,Acik,23.3
SEFER-01109,TREN-149,HAT-07,2026-01-07 09:30:00,461,v3.0.0,M-6605,0,yagmurlu,37.2
SEFER-01110,TREN-145,HAT-12,2026-02-14 21:15:00,280,v2.4.1,M-9336,0,,0.9
SEFER-01111,TREN-103,HAT-13,2026-01-23 04:00:00,83,v1.0.4,M-2235,0,Yagmurlu,16.5
SEFER-01112,TREN-102,HAT-12,2026-05-18 23:30:00,129,v3.0.0,M-6421,0,yagmurlu,17.8
SEFER-01113,TREN-179,HAT-02,2026-01-10 20:15:00,91,v1.0.4,M-8093,0,Yagmurlu,9.0
SEFER-01114,TREN-127,HAT-01,2026-05-03 14:00:00,148,v3.0.0,M-4048,1,Sisli,32.0
SEFER-01115,TREN-137,HAT-12,2026-04-26 15:00:00,90,v2.1.0,M-3031,0,Yagmurlu,44.6
SEFER-01116,TREN-125,HAT-03,2026-05-26 01:30:00,252,v3.0.0,M-9301,1,,18.1
SEFER-01117,TREN-128,HAT-07,2026-02-13 01:30:00,385,v1.0.4,M-2009,0,,2.9
SEFER-01118,TREN-164,HAT-06,2026-06-04 07:00:00,90,v1.0.4,M-2445,1,,24.5
SEFER-01119,TREN-176,HAT-13,2026-06-06 15:30:00,83,v3.0.0,M-6867,1,yagmurlu,11.0
SEFER-01120,TREN-148,HAT-08,2026-02-21 11:45:00,147,v2.4.1,M-7713,1,Yagmurlu,16.8
SEFER-01121,TREN-160,HAT-06,2026-06-07 20:45:00,281,v3.0.0,M-1401,0,Yagmurlu,9.5
SEFER-01122,TREN-141,HAT-07,2026-05-29 18:15:00,-43,v2.1.0,M-2553,0,Yagmurlu,19.6
SEFER-01123,TREN-151,HAT-08,2026-01-26 19:30:00,,v2.4.1,M-4731,0,Sisli,26.7
SEFER-01124,TREN-163,HAT-10,2026-05-04 18:45:00,131,v1.0.4,M-2096,1,Sisli,59.8
SEFER-01125,TREN-162,HAT-10,2026-02-19 15:15:00,461,v2.4.1,M-3598,1,Yagmurlu,-999.0
SEFER-01126,TREN-140,HAT-11,2026-04-16 19:45:00,321,v2.1.0,M-7054,1,Karli,29.2
SEFER-01127,TREN-109,HAT-01,2026-03-18 13:30:00,217,v2.4.1,M-8801,1,,2.7
SEFER-01128,TREN-172,HAT-06,2026-04-09 18:30:00,214,v2.1.0,M-5081,1,,18.5
SEFER-01129,TREN-173,HAT-08,2026-06-02 05:00:00,246,v3.0.0,M-8580,1,Yagmurlu,17.8
SEFER-01130,TREN-109,HAT-08,2026-03-08 17:15:00,123,v2.1.0,M-4659,0,Karli,43.8
SEFER-01131,TREN-142,HAT-06,2026-05-22 00:45:00,213,v2.1.0,M-4083,0,Sisli,57.2
SEFER-01132,TREN-138,HAT-12,2026-01-11 14:15:00,177,v1.0.4,M-5885,1,Sisli,20.5
SEFER-01133,TREN-127,HAT-03,20.02.2026 18:00,265,v2.1.0,M-8318,1,Acik,14.6
SEFER-01134,TREN-172,HAT-03,2026-04-12 14:45:00,190,v3.0.0,M-5665,0,Sisli,18.2
SEFER-01135,TREN-176,HAT-03,2026-02-25 08:00:00,332,v3.0.0,M-1417,1,Sisli,29.6
SEFER-01136,TREN-142,HAT-07,2026-01-31 15:30:00,379,v1.0.4,M-9383,0,Karli,18.9
SEFER-01137,TREN-117,HAT-08,2026-01-12 03:00:00,133,v2.4.1,M-6540,0,,2.7
SEFER-01138,TREN-153,HAT-06,2026-05-09 09:00:00,318,v2.1.0,M-9980,0,Sisli,35.3
SEFER-01139,TREN-127,HAT-08,2026-01-28 09:00:00,166,v1.0.4,M-1859,0,Yagmurlu,18.6
SEFER-01140,TREN-162,HAT-01,2026-01-08 10:15:00,495,v3.0.0,M-1315,1,Yagmurlu,14.9
SEFER-01141,TREN-164,HAT-01,2026-04-25 12:45:00,,v3.0.0,M-1117,1,yagmurlu,8.4
SEFER-01142,TREN-111,HAT-10,2026-05-31 17:30:00,253,v2.4.1,M-5352,1,Yagmurlu,-999.0
SEFER-01143,TREN-166,HAT-07,2026-01-28 12:15:00,150,v2.4.1,M-8399,0,Karli,37.8
SEFER-01144,TREN-158,HAT-10,2026-06-15 09:45:00,248,v2.1.0,M-5892,0,Acik,23.6
SEFER-01145,TREN-176,HAT-14,2026-02-22 00:30:00,167,v2.1.0,M-9373,0,yagmurlu,30.1
SEFER-01146,TREN-140,HAT-01,2026-02-07 04:15:00,418,v3.0.0,M-3707,1,Sisli,27.7
SEFER-01147,TREN-162,HAT-09,2026-04-13 02:30:00,177,v1.0.4,M-1819,0,Acik,9.6
SEFER-01148,TREN-136,HAT-15,2026-01-01 06:30:00,131,v2.1.0,M-7933,1,Acik,0.6
SEFER-01149,TREN-110,HAT-05,2026-03-13 12:00:00,,v2.1.0,M-2971,0,Acik,3.6
SEFER-01150,TREN-161,HAT-03,03.01.2026 16:00,495,v1.0.4,M-8859,0,yagmurlu,19.9
SEFER-01151,TREN-120,HAT-04,2026-01-12 08:45:00,,v2.1.0,M-1217,0,Sisli,30.7
SEFER-01152,TREN-109,HAT-13,2026-05-30 19:30:00,153,v2.1.0,M-4847,1,Karli,25.2
SEFER-01153,TREN-101,HAT-11,2026-01-08 18:45:00,455,v2.4.1,M-6964,0,Yagmurlu,30.6
SEFER-01154,TREN-177,HAT-06,2026-03-20 02:45:00,240,v2.4.1,M-7668,0,,8.0
SEFER-01155,TREN-175,HAT-07,2026-03-05 18:45:00,125,v3.0.0,M-6903,1,,23.9
SEFER-01156,TREN-112,HAT-10,2026-02-13 11:15:00,288,v2.1.0,M-1700,1,Sisli,29.0
SEFER-01157,TREN-165,HAT-15,2026-05-27 23:15:00,475,v2.1.0,M-4372,1,,1.7
SEFER-01158,TREN-111,HAT-14,2026-03-13 18:00:00,316,v2.1.0,M-4715,1,Acik,18.6
SEFER-01159,TREN-163,HAT-02,2026-02-25 19:30:00,386,v3.0.0,M-2743,0,Sisli,27.5
SEFER-01160,TREN-159,HAT-03,2026-05-23 15:15:00,308,v2.4.1,M-4962,1,Acik,6.8
SEFER-01161,TREN-139,HAT-14,2026-02-05 23:00:00,58,v1.0.4,M-2098,1,Acik,3.5
SEFER-01162,TREN-158,HAT-02,2026-03-14 06:30:00,-39,v2.4.1,M-8020,1,Karli,19.2
SEFER-01163,TREN-179,HAT-10,2026-01-08 09:45:00,229,v3.0.0,M-9831,0,Acik,13.0
SEFER-01164,TREN-155,HAT-12,2026-04-11 10:30:00,63,v1.0.4,M-8780,1,Sisli,15.4
SEFER-01165,TREN-170,HAT-02,2026-01-15 09:15:00,98,v3.0.0,M-1562,1,Sisli,29.8
SEFER-01166,TREN-140,HAT-09,2026-05-13 21:45:00,55,v1.0.4,M-9295,1,,1.4
SEFER-01167,TREN-109,HAT-09,2026-02-01 04:45:00,460,v1.0.4,M-9466,1,yagmurlu,18.6
SEFER-01168,TREN-123,HAT-15,2026-03-19 08:30:00,,v2.1.0,M-2258,0,yagmurlu,22.0
SEFER-01169,TREN-162,HAT-08,2026-02-12 18:00:00,384,v2.1.0,M-4660,1,Yagmurlu,32.8
SEFER-01170,TREN-175,HAT-14,2026-03-26 10:15:00,109,v1.0.4,M-8177,1,Acik,1.8
SEFER-01171,TREN-147,HAT-13,30.04.2026 12:45,405,v3.0.0,M-1549,1,Karli,25.1
SEFER-01172,TREN-156,HAT-09,01.05.2026 01:45,499,v2.1.0,M-3253,0,,4.4
SEFER-01173,TREN-104,HAT-03,2026-01-15 23:15:00,329,v2.1.0,M-7770,0,Karli,23.2
SEFER-01174,TREN-172,HAT-01,2026-02-09 21:15:00,409,v1.0.4,M-2847,1,Sisli,15.1
SEFER-01175,TREN-175,HAT-09,2026-01-02 18:30:00,174,v3.0.0,M-8836,1,Sisli,41.2
SEFER-01176,TREN-128,HAT-02,2026-01-30 16:45:00,489,v2.1.0,M-2114,1,Acik,1.6
SEFER-01177,TREN-166,HAT-02,2026-04-07 20:15:00,479,v2.4.1,M-7658,0,,4.5
SEFER-01178,TREN-156,HAT-01,2026-05-29 20:30:00,,v3.0.0,M-4681,0,,13.0
SEFER-01179,TREN-162,HAT-10,2026-06-12 06:45:00,130,v1.0.4,M-8090,0,Yagmurlu,17.1
SEFER-01180,TREN-154,HAT-02,2026-04-07 02:00:00,445,v2.4.1,M-8610,1,,0.4
SEFER-01181,TREN-139,HAT-14,2026-04-02 14:30:00,290,v2.1.0,M-8689,1,yagmurlu,14.7
SEFER-01182,TREN-112,HAT-12,2026-03-25 19:30:00,82,v2.4.1,M-9413,0,Karli,34.9
SEFER-01183,TREN-141,HAT-15,2026-06-04 20:30:00,228,v3.0.0,M-5563,1,Karli,17.1
SEFER-01184,TREN-177,HAT-07,2026-04-25 13:15:00,121,v2.4.1,M-9892,1,,3.5
SEFER-01185,TREN-127,HAT-13,2026-03-21 05:15:00,199,v2.4.1,M-3999,1,,2.8
SEFER-01186,TREN-148,HAT-04,2026-03-09 02:45:00,285,v1.0.4,M-5137,0,yagmurlu,12.2
SEFER-01187,TREN-149,HAT-14,05.04.2026 05:45,180,v2.4.1,M-9374,1,Sisli,21.1
SEFER-01188,TREN-126,HAT-05,2026-01-09 22:45:00,105,v2.1.0,M-3967,0,Sisli,20.7
SEFER-01189,TREN-147,HAT-13,18.05.2026 00:00,105,v1.0.4,M-7934,0,yagmurlu,15.7
SEFER-01190,TREN-106,HAT-15,23.04.2026 22:00,369,v2.1.0,M-4611,1,,3.2
SEFER-01191,TREN-171,HAT-06,2026-05-24 17:15:00,212,v3.0.0,M-4328,0,Yagmurlu,19.9
SEFER-01192,TREN-121,HAT-02,2026-04-08 17:30:00,176,v2.1.0,M-3843,0,Sisli,27.5
SEFER-01193,TREN-136,HAT-02,2026-01-01 18:15:00,490,v2.1.0,M-2644,0,yagmurlu,36.9
SEFER-01194,TREN-153,HAT-12,2026-03-18 01:45:00,485,v2.4.1,M-4360,1,yagmurlu,21.9
SEFER-01195,TREN-156,HAT-13,2026-05-30 14:30:00,365,v2.4.1,M-3367,0,Sisli,33.2
SEFER-01196,TREN-177,HAT-14,2026-04-30 12:45:00,161,v2.4.1,M-4782,1,Karli,19.4
SEFER-01197,TREN-177,HAT-15,2026-03-22 09:00:00,380,v1.0.4,M-7371,1,,10.7
SEFER-01198,TREN-147,HAT-07,2026-01-04 17:45:00,267,v2.4.1,M-7006,1,Acik,15.8
SEFER-01199,TREN-162,HAT-03,2026-01-30 00:15:00,356,v3.0.0,M-6973,0,yagmurlu,24.6
SEFER-01200,TREN-130,HAT-02,01.05.2026 22:15,75,v3.0.0,M-3441,1,Karli,15.8
SEFER-01201,TREN-119,HAT-14,2026-03-16 15:30:00,259,v1.0.4,M-1854,0,Karli,16.8
SEFER-01202,TREN-137,HAT-09,2026-03-22 12:45:00,463,v1.0.4,M-5408,0,Yagmurlu,17.2
SEFER-01203,TREN-169,HAT-02,2026-05-14 05:45:00,141,v1.0.4,M-6332,0,Yagmurlu,15.6
SEFER-01204,TREN-135,HAT-09,2026-05-20 01:00:00,251,v2.1.0,M-4963,1,Yagmurlu,9.8
SEFER-01205,TREN-174,HAT-13,2026-02-17 21:45:00,106,v1.0.4,M-2098,1,,2.9
SEFER-01206,TREN-118,HAT-01,2026-02-19 06:45:00,436,v3.0.0,M-9514,1,Sisli,23.0
SEFER-01207,TREN-178,HAT-10,2026-05-03 20:45:00,258,v1.0.4,M-4389,0,Yagmurlu,15.0
SEFER-01208,TREN-177,HAT-06,2026-05-24 22:30:00,245,v3.0.0,M-4255,0,Sisli,18.6
SEFER-01209,TREN-128,HAT-07,2026-05-13 12:15:00,438,v3.0.0,M-5005,0,,1.5
SEFER-01210,TREN-103,HAT-15,2026-02-09 00:45:00,414,v2.1.0,M-7812,0,Sisli,19.6
SEFER-01211,TREN-132,HAT-03,2026-06-03 08:00:00,,v3.0.0,M-2279,1,Sisli,49.0
SEFER-01212,TREN-146,HAT-14,29.03.2026 17:45,483,v2.4.1,M-9302,0,Sisli,25.7
SEFER-01213,TREN-102,HAT-02,26.01.2026 03:30,372,v2.4.1,M-8541,1,yagmurlu,12.6
SEFER-01214,TREN-180,HAT-06,18.02.2026 21:30,113,v1.0.4,M-9978,0,Sisli,29.2
SEFER-01215,TREN-120,HAT-15,2026-05-22 00:45:00,424,v2.1.0,M-2526,1,,10.1
SEFER-01216,TREN-136,HAT-07,07.02.2026 20:00,-9,v2.1.0,M-7994,1,Yagmurlu,13.4
SEFER-01217,TREN-127,HAT-01,2026-01-12 13:15:00,297,v2.1.0,M-9085,0,Acik,2.5
SEFER-01218,TREN-111,HAT-11,2026-03-20 16:30:00,485,v2.4.1,M-6349,0,Sisli,46.2
SEFER-01219,TREN-176,HAT-09,2026-04-27 17:30:00,175,v2.4.1,M-6376,1,Yagmurlu,34.9
SEFER-01220,TREN-164,HAT-12,2026-03-11 07:00:00,491,v2.1.0,M-4587,0,Karli,26.1
SEFER-01221,TREN-160,HAT-15,2026-01-27 09:00:00,261,v2.4.1,M-2329,0,,15.1
SEFER-01222,TREN-121,HAT-10,2026-03-24 08:00:00,79,v3.0.0,M-8752,0,Sisli,30.2
SEFER-01223,TREN-143,HAT-06,2026-01-21 10:30:00,301,v2.1.0,M-5693,0,Sisli,23.9
SEFER-01224,TREN-179,HAT-13,2026-01-29 09:30:00,242,v1.0.4,M-3458,1,Acik,11.1
SEFER-01225,TREN-164,HAT-15,2026-01-17 00:15:00,-12,v2.4.1,M-6853,0,Acik,1.4
SEFER-01226,TREN-106,HAT-03,2026-06-02 15:30:00,,v1.0.4,M-4149,0,yagmurlu,8.9
SEFER-01227,TREN-151,HAT-14,2026-03-25 22:00:00,478,v2.1.0,M-2064,1,yagmurlu,8.7
SEFER-01228,TREN-178,HAT-14,2026-02-14 14:15:00,99,v1.0.4,M-7445,1,Sisli,24.3
SEFER-01229,TREN-121,HAT-12,2026-03-22 22:45:00,200,v2.1.0,M-6067,1,,12.2
SEFER-01230,TREN-127,HAT-04,2026-03-20 23:15:00,,v1.0.4,M-8355,0,Acik,8.9
SEFER-01231,TREN-120,HAT-12,2026-01-13 18:30:00,346,v1.0.4,M-5956,0,Yagmurlu,30.7
SEFER-01232,TREN-161,HAT-11,2026-01-07 00:30:00,83,v2.4.1,M-7382,0,Acik,0.3
SEFER-01233,TREN-164,HAT-08,2026-04-23 14:45:00,280,v3.0.0,M-6157,0,Yagmurlu,24.9
SEFER-01234,TREN-101,HAT-14,2026-05-14 22:15:00,299,v2.1.0,M-9401,1,Karli,16.6
SEFER-01235,TREN-136,HAT-15,2026-02-04 18:15:00,373,v2.4.1,M-6524,0,Karli,37.4
SEFER-01236,TREN-114,HAT-08,2026-05-12 22:15:00,387,v3.0.0,M-9662,0,,13.6
SEFER-01237,TREN-156,HAT-13,2026-06-12 08:00:00,330,v1.0.4,M-5661,1,Karli,32.7
SEFER-01238,TREN-103,HAT-07,2026-04-11 19:00:00,287,v2.1.0,M-8360,1,yagmurlu,26.5
SEFER-01239,TREN-139,HAT-15,2026-04-22 12:00:00,346,v2.1.0,M-1664,0,Karli,-999.0
SEFER-01240,TREN-158,HAT-04,2026-03-10 00:00:00,460,v3.0.0,M-1267,1,Karli,22.7
SEFER-01241,TREN-177,HAT-11,2026-01-09 23:45:00,388,v2.1.0,M-7373,1,yagmurlu,11.4
SEFER-01242,TREN-123,HAT-09,23.04.2026 05:15,218,v1.0.4,M-3127,1,,2.8
SEFER-01243,TREN-122,HAT-11,2026-02-20 03:30:00,154,v2.4.1,M-6070,0,,1.8
SEFER-01244,TREN-110,HAT-03,2026-05-30 06:00:00,-16,v2.4.1,M-3932,0,Acik,15.1
SEFER-01245,TREN-158,HAT-06,2026-01-21 23:45:00,364,v1.0.4,M-6787,0,Karli,30.4
SEFER-01246,TREN-150,HAT-13,2026-02-02 13:30:00,367,v2.4.1,M-3627,0,Acik,48.4
SEFER-01247,TREN-162,HAT-15,10.05.2026 11:30,455,v3.0.0,M-4479,0,Sisli,16.1
SEFER-01248,TREN-125,HAT-10,2026-04-20 01:45:00,84,v3.0.0,M-8501,1,,2.6
SEFER-01249,TREN-142,HAT-11,2026-03-05 04:15:00,,v2.4.1,M-6549,1,Yagmurlu,8.0
SEFER-01250,TREN-101,HAT-06,28.05.2026 08:45,354,v2.1.0,M-8756,1,yagmurlu,26.2
SEFER-01251,TREN-171,HAT-09,2026-05-05 03:30:00,452,v3.0.0,M-5807,0,,3.8
SEFER-01252,TREN-114,HAT-01,2026-06-10 12:30:00,406,v2.4.1,M-6569,1,Karli,31.9
SEFER-01253,TREN-110,HAT-09,2026-03-04 08:00:00,258,v2.1.0,M-2524,0,Acik,10.3
SEFER-01254,TREN-168,HAT-10,2026-04-13 13:00:00,185,v2.1.0,M-2291,0,Karli,18.8
SEFER-01255,TREN-107,HAT-05,2026-02-23 09:00:00,345,v2.4.1,M-2645,1,,17.9
SEFER-01256,TREN-106,HAT-05,07.06.2026 01:45,429,v1.0.4,M-2750,1,Acik,1.5
SEFER-01257,TREN-106,HAT-08,2026-05-19 09:30:00,131,v2.1.0,M-2343,1,yagmurlu,46.1
SEFER-01258,TREN-122,HAT-03,2026-04-21 22:00:00,-14,v2.1.0,M-7683,0,,12.3
SEFER-01259,TREN-167,HAT-15,2026-02-16 21:15:00,270,v2.4.1,M-6640,0,Yagmurlu,17.5
SEFER-01260,TREN-152,HAT-10,2026-03-12 11:30:00,113,v3.0.0,M-1023,0,,5.5
SEFER-01261,TREN-152,HAT-10,2026-02-02 21:30:00,466,v2.1.0,M-3170,0,,8.7
SEFER-01262,TREN-130,HAT-04,2026-05-08 09:00:00,118,v1.0.4,M-4443,0,Yagmurlu,21.2
SEFER-01263,TREN-102,HAT-07,2026-01-19 12:30:00,420,v2.4.1,M-7735,1,,15.4
SEFER-01264,TREN-167,HAT-11,2026-02-17 04:45:00,124,v2.1.0,M-9026,1,Yagmurlu,12.9
SEFER-01265,TREN-136,HAT-07,09.01.2026 14:30,81,v2.1.0,M-7773,0,Acik,13.8
SEFER-01266,TREN-137,HAT-03,2026-02-18 14:30:00,292,v2.4.1,M-4675,1,yagmurlu,8.7
SEFER-01267,TREN-126,HAT-12,2026-05-28 16:30:00,188,v2.1.0,M-1280,0,Yagmurlu,14.5
SEFER-01268,TREN-163,HAT-07,2026-02-07 14:15:00,317,v2.4.1,M-7614,0,Karli,26.7
SEFER-01269,TREN-109,HAT-10,2026-06-13 14:00:00,464,v2.1.0,M-9143,0,Yagmurlu,22.2
SEFER-01270,TREN-120,HAT-01,2026-02-26 02:45:00,-13,v3.0.0,M-5115,1,Yagmurlu,9.1
SEFER-01271,TREN-176,HAT-04,2026-04-18 13:45:00,339,v2.1.0,M-5012,1,yagmurlu,12.4
SEFER-01272,TREN-106,HAT-14,2026-02-27 14:30:00,220,v1.0.4,M-2249,0,Sisli,17.6
SEFER-01273,TREN-173,HAT-15,2026-01-24 15:15:00,,v1.0.4,M-2681,1,Sisli,20.3
SEFER-01274,TREN-118,HAT-04,2026-05-07 04:15:00,181,v2.4.1,M-8370,0,Acik,25.0
SEFER-01275,TREN-112,HAT-06,2026-06-07 20:15:00,178,v2.1.0,M-1723,1,yagmurlu,15.7
SEFER-01276,TREN-136,HAT-09,2026-01-29 18:00:00,160,v2.1.0,M-5549,0,Sisli,46.8
SEFER-01277,TREN-155,HAT-12,2026-03-01 19:30:00,134,v1.0.4,M-5509,0,Acik,23.4
SEFER-01278,TREN-123,HAT-14,2026-01-28 00:15:00,150,v1.0.4,M-8364,0,Yagmurlu,10.2
SEFER-01279,TREN-180,HAT-03,2026-01-06 14:00:00,237,v3.0.0,M-3521,0,,14.1
SEFER-01280,TREN-121,HAT-08,2026-03-06 18:00:00,,v1.0.4,M-2389,0,Yagmurlu,29.5
SEFER-01281,TREN-128,HAT-02,2026-01-27 11:45:00,466,v2.4.1,M-8422,0,Yagmurlu,11.1
SEFER-01282,TREN-177,HAT-09,2026-04-23 23:15:00,362,v2.1.0,M-1328,0,Sisli,18.3
SEFER-01283,TREN-152,HAT-05,2026-03-06 08:45:00,109,v1.0.4,M-8853,1,,11.4
SEFER-01284,TREN-175,HAT-12,07.05.2026 03:15,498,v1.0.4,M-9329,0,Yagmurlu,24.0
SEFER-01285,TREN-131,HAT-09,2026-04-05 12:00:00,182,v2.1.0,M-1721,1,Karli,19.0
SEFER-01286,TREN-163,HAT-14,2026-05-24 06:15:00,407,v3.0.0,M-2170,1,,0.9
SEFER-01287,TREN-170,HAT-02,2026-05-07 03:30:00,483,v1.0.4,M-1396,0,Karli,15.3
SEFER-01288,TREN-111,HAT-06,29.01.2026 09:00,462,v2.4.1,M-1937,0,Acik,15.8
SEFER-01289,TREN-120,HAT-06,2026-02-23 15:45:00,308,v2.1.0,M-2393,0,,3.4
SEFER-01290,TREN-177,HAT-11,2026-04-09 14:45:00,443,v2.4.1,M-9215,0,Acik,1.6
SEFER-01291,TREN-141,HAT-07,2026-03-22 06:00:00,72,v2.1.0,M-7191,1,yagmurlu,8.5
SEFER-01292,TREN-144,HAT-02,2026-03-03 22:30:00,338,v2.4.1,M-9383,0,Acik,2.7
SEFER-01293,TREN-142,HAT-06,2026-04-24 02:00:00,451,v1.0.4,M-8696,0,yagmurlu,12.7
SEFER-01294,TREN-153,HAT-04,2026-02-11 06:45:00,285,v2.1.0,M-3060,0,yagmurlu,12.4
SEFER-01295,TREN-108,HAT-05,2026-05-18 02:00:00,179,v1.0.4,M-5286,1,yagmurlu,9.3
SEFER-01296,TREN-123,HAT-09,2026-06-12 02:45:00,314,v1.0.4,M-7548,1,Yagmurlu,12.7
SEFER-01297,TREN-132,HAT-03,2026-04-26 02:00:00,397,v2.4.1,M-7678,1,Karli,27.9
SEFER-01298,TREN-121,HAT-01,2026-02-11 16:45:00,419,v1.0.4,M-6072,1,,18.6
SEFER-01299,TREN-111,HAT-08,2026-05-30 07:00:00,373,v2.4.1,M-5761,0,Sisli,26.7
SEFER-01300,TREN-124,HAT-07,2026-05-15 20:15:00,328,v1.0.4,M-2386,1,,2.1
SEFER-01301,TREN-149,HAT-05,2026-03-12 10:30:00,467,v2.1.0,M-2785,1,yagmurlu,15.0
SEFER-01302,TREN-131,HAT-09,2026-04-30 06:15:00,421,v1.0.4,M-6569,0,Yagmurlu,14.3
SEFER-01303,TREN-138,HAT-11,2026-04-20 07:00:00,154,v2.4.1,M-4183,1,Yagmurlu,20.3
SEFER-01304,TREN-176,HAT-06,2026-06-01 00:00:00,122,v3.0.0,M-9621,1,Acik,0.9
SEFER-01305,TREN-116,HAT-09,2026-01-09 11:15:00,397,v2.4.1,M-4698,0,Yagmurlu,14.8
SEFER-01306,TREN-153,HAT-14,2026-01-07 04:00:00,363,v3.0.0,M-2561,1,yagmurlu,14.9
SEFER-01307,TREN-165,HAT-14,11.03.2026 17:00,470,v1.0.4,M-6481,1,Acik,69.0
SEFER-01308,TREN-115,HAT-09,2026-01-23 01:00:00,291,v2.4.1,M-2961,1,,12.1
SEFER-01309,TREN-101,HAT-15,2026-04-17 05:15:00,227,v1.0.4,M-3018,1,Yagmurlu,29.7
SEFER-01310,TREN-114,HAT-09,2026-02-20 03:15:00,225,v3.0.0,M-4190,0,Acik,8.8
SEFER-01311,TREN-121,HAT-04,14.04.2026 18:15,221,v1.0.4,M-5816,0,Karli,30.4
SEFER-01312,TREN-167,HAT-09,2026-03-11 18:00:00,448,v3.0.0,M-8133,0,Karli,27.7
SEFER-01313,TREN-167,HAT-12,2026-01-17 15:00:00,483,v1.0.4,M-9523,0,Acik,27.9
SEFER-01314,TREN-147,HAT-07,2026-03-10 03:00:00,247,v2.1.0,M-2637,0,Yagmurlu,19.5
SEFER-01315,TREN-128,HAT-05,2026-06-03 10:30:00,310,v3.0.0,M-8950,1,yagmurlu,10.0
SEFER-01316,TREN-172,HAT-11,2026-06-04 06:15:00,475,v1.0.4,M-4966,1,Karli,18.4
SEFER-01317,TREN-171,HAT-01,2026-05-16 17:45:00,171,v2.1.0,M-7675,0,Sisli,44.9
SEFER-01318,TREN-128,HAT-04,2026-04-21 08:30:00,102,v1.0.4,M-1778,1,,14.6
SEFER-01319,TREN-173,HAT-10,2026-05-02 00:00:00,143,v2.4.1,M-3713,1,Acik,12.5
SEFER-01320,TREN-177,HAT-12,2026-04-09 00:45:00,242,v3.0.0,M-2468,1,,3.5
SEFER-01321,TREN-119,HAT-09,2026-05-14 23:30:00,341,v2.4.1,M-1348,1,Yagmurlu,9.6
SEFER-01322,TREN-173,HAT-10,2026-05-16 11:15:00,105,v2.1.0,M-5823,0,Yagmurlu,26.3
SEFER-01323,TREN-156,HAT-07,2026-04-07 11:00:00,335,v3.0.0,M-7843,0,Sisli,16.7
SEFER-01324,TREN-157,HAT-03,2026-05-09 03:15:00,420,v2.4.1,M-4997,0,Yagmurlu,15.3
SEFER-01325,TREN-172,HAT-13,2026-01-04 05:30:00,258,v3.0.0,M-6592,0,,1.3
SEFER-01326,TREN-171,HAT-13,2026-05-26 03:15:00,328,v1.0.4,M-7265,1,,1.6
SEFER-01327,TREN-145,HAT-07,2026-04-18 19:00:00,337,v2.1.0,M-4117,1,Sisli,41.5
SEFER-01328,TREN-174,HAT-06,2026-06-07 21:00:00,186,v2.4.1,M-9339,1,Sisli,22.8
SEFER-01329,TREN-106,HAT-14,2026-01-06 06:15:00,53,v3.0.0,M-7378,0,,19.1
SEFER-01330,TREN-108,HAT-02,2026-05-23 12:45:00,392,v1.0.4,M-1785,0,Yagmurlu,24.8
SEFER-01331,TREN-149,HAT-09,10.01.2026 19:30,87,v2.1.0,M-9549,0,,13.9
SEFER-01332,TREN-175,HAT-08,2026-04-20 19:45:00,,v1.0.4,M-9114,1,Karli,27.5
SEFER-01333,TREN-157,HAT-10,2026-02-18 07:45:00,279,v3.0.0,M-3130,0,Yagmurlu,30.9
SEFER-01334,TREN-145,HAT-01,2026-04-06 01:00:00,370,v2.1.0,M-2094,1,Sisli,40.6
SEFER-01335,TREN-103,HAT-07,10.06.2026 02:30,153,v2.4.1,M-6863,0,Sisli,17.6
SEFER-01336,TREN-126,HAT-06,2026-06-06 13:45:00,90,v2.1.0,M-2665,0,Sisli,15.1
SEFER-01337,TREN-178,HAT-03,2026-01-01 07:45:00,171,v3.0.0,M-9122,1,yagmurlu,56.9
SEFER-01338,TREN-149,HAT-02,2026-02-02 17:15:00,329,v2.1.0,M-6292,0,Karli,28.7
SEFER-01339,TREN-119,HAT-14,2026-03-09 18:30:00,98,v2.1.0,M-8401,0,Sisli,28.2
SEFER-01340,TREN-133,HAT-14,2026-01-18 14:45:00,122,v2.1.0,M-4058,0,Sisli,28.5
SEFER-01341,TREN-102,HAT-14,2026-01-28 19:00:00,351,v2.1.0,M-5277,1,yagmurlu,35.6
SEFER-01342,TREN-122,HAT-10,2026-04-04 10:30:00,424,v3.0.0,M-4795,0,,9.3
SEFER-01343,TREN-115,HAT-14,2026-03-30 04:15:00,259,v3.0.0,M-1375,1,Acik,4.1
SEFER-01344,TREN-176,HAT-09,2026-05-03 23:45:00,110,v3.0.0,M-4865,1,Sisli,21.5
SEFER-01345,TREN-167,HAT-13,2026-05-19 01:15:00,-49,v2.1.0,M-3956,0,Acik,4.7
SEFER-01346,TREN-145,HAT-06,26.04.2026 06:15,497,v3.0.0,M-2718,1,,4.6
SEFER-01347,TREN-152,HAT-10,2026-01-26 21:00:00,139,v3.0.0,M-8482,0,Acik,40.0
SEFER-01348,TREN-172,HAT-10,2026-04-02 10:30:00,327,v2.1.0,M-3078,0,Karli,30.3
SEFER-01349,TREN-143,HAT-13,2026-01-07 00:15:00,418,v2.4.1,M-3129,1,yagmurlu,20.6
SEFER-01350,TREN-178,HAT-06,2026-05-25 15:00:00,281,v1.0.4,M-8231,0,,7.9
SEFER-01351,TREN-146,HAT-15,2026-01-31 19:15:00,249,v2.1.0,M-1429,1,Sisli,27.2
SEFER-01352,TREN-136,HAT-07,2026-05-14 09:00:00,,v3.0.0,M-7299,0,,20.9
SEFER-01353,TREN-180,HAT-10,2026-06-06 11:45:00,128,v3.0.0,M-1625,1,Yagmurlu,11.9
SEFER-01354,TREN-168,HAT-01,2026-03-10 06:15:00,238,v2.4.1,M-7392,1,Acik,11.9
SEFER-01355,TREN-180,HAT-06,2026-04-28 06:45:00,,v2.1.0,M-6613,1,Acik,1.8
SEFER-01356,TREN-135,HAT-05,2026-02-01 09:45:00,121,v2.1.0,M-5040,0,Karli,42.5
SEFER-01357,TREN-169,HAT-12,2026-04-09 13:30:00,163,v1.0.4,M-6573,1,Yagmurlu,15.9
SEFER-01358,TREN-122,HAT-05,2026-01-14 20:30:00,419,v3.0.0,M-3747,0,Sisli,17.0
SEFER-01359,TREN-152,HAT-10,2026-02-08 01:15:00,401,v1.0.4,M-7409,1,Karli,16.1
SEFER-01360,TREN-147,HAT-01,2026-06-12 15:45:00,485,v3.0.0,M-5707,1,yagmurlu,11.9
SEFER-01361,TREN-129,HAT-01,2026-02-03 09:30:00,395,v1.0.4,M-8884,1,yagmurlu,35.4
SEFER-01362,TREN-122,HAT-01,2026-02-04 05:30:00,69,v2.4.1,M-2445,1,Acik,18.2
SEFER-01363,TREN-138,HAT-08,2026-01-19 14:30:00,160,v2.1.0,M-7872,1,,1.9
SEFER-01364,TREN-168,HAT-02,2026-02-10 21:45:00,58,v1.0.4,M-5644,0,yagmurlu,11.1
SEFER-01365,TREN-105,HAT-13,2026-03-02 15:15:00,112,v1.0.4,M-3156,1,,9.0
SEFER-01366,TREN-101,HAT-05,2026-03-03 20:15:00,335,v2.4.1,M-8014,1,Karli,20.1
SEFER-01367,TREN-108,HAT-06,2026-05-28 17:45:00,276,v3.0.0,M-6535,1,Karli,28.5
SEFER-01368,TREN-136,HAT-09,2026-04-19 03:30:00,236,v2.4.1,M-3912,0,Karli,30.5
SEFER-01369,TREN-139,HAT-10,2026-06-05 15:00:00,269,v1.0.4,M-1645,0,Karli,15.3
SEFER-01370,TREN-120,HAT-13,2026-02-22 14:30:00,499,v1.0.4,M-6340,1,Yagmurlu,8.8
SEFER-01371,TREN-109,HAT-04,2026-01-02 04:30:00,,v2.1.0,M-2644,1,Yagmurlu,18.0
SEFER-01372,TREN-139,HAT-05,2026-05-26 12:45:00,416,v2.1.0,M-7931,1,Sisli,16.6
SEFER-01373,TREN-157,HAT-12,2026-06-12 06:30:00,53,v2.1.0,M-7042,1,Yagmurlu,12.6
SEFER-01374,TREN-127,HAT-02,2026-03-31 23:15:00,328,v1.0.4,M-3069,0,Acik,13.4
SEFER-01375,TREN-178,HAT-03,2026-05-31 05:00:00,80,v2.1.0,M-7805,1,Sisli,28.4
SEFER-01376,TREN-163,HAT-03,2026-02-05 01:45:00,442,v3.0.0,M-3899,0,Sisli,20.2
SEFER-01377,TREN-145,HAT-08,2026-03-21 11:30:00,337,v2.1.0,M-1535,1,,3.1
SEFER-01378,TREN-119,HAT-10,2026-01-16 15:45:00,173,v2.1.0,M-8201,0,,1.1
SEFER-01379,TREN-161,HAT-03,2026-01-12 01:45:00,453,v2.1.0,M-1479,1,,13.0
SEFER-01380,TREN-124,HAT-03,2026-01-27 17:15:00,101,v1.0.4,M-5967,0,,15.6
SEFER-01381,TREN-171,HAT-09,2026-01-25 19:15:00,236,v2.1.0,M-6246,1,,43.3
SEFER-01382,TREN-135,HAT-07,2026-01-22 02:45:00,430,v2.4.1,M-5049,0,Sisli,17.5
SEFER-01383,TREN-174,HAT-06,2026-02-14 19:30:00,305,v3.0.0,M-8189,0,yagmurlu,30.6
SEFER-01384,TREN-124,HAT-10,31.01.2026 00:45,,v3.0.0,M-2843,0,Yagmurlu,19.0
SEFER-01385,TREN-163,HAT-12,2026-06-03 01:30:00,315,v1.0.4,M-3207,1,Yagmurlu,9.4
SEFER-01386,TREN-151,HAT-12,2026-05-16 04:00:00,72,v3.0.0,M-9497,1,Karli,29.3
SEFER-01387,TREN-145,HAT-11,2026-02-06 04:30:00,171,v1.0.4,M-4309,0,,7.7
SEFER-01388,TREN-136,HAT-05,2026-02-10 13:45:00,487,v2.4.1,M-3670,0,yagmurlu,11.9
SEFER-01389,TREN-174,HAT-15,08.06.2026 17:00,345,v2.4.1,M-1393,0,Yagmurlu,33.1
SEFER-01390,TREN-139,HAT-04,2026-03-23 19:30:00,148,v1.0.4,M-7808,1,Acik,19.5
SEFER-01391,TREN-111,HAT-04,28.04.2026 11:45,124,v2.1.0,M-2893,0,Sisli,15.5
SEFER-01392,TREN-121,HAT-02,2026-05-29 04:45:00,121,v1.0.4,M-2899,0,Acik,1.2
SEFER-01393,TREN-149,HAT-07,2026-01-19 02:15:00,,v2.4.1,M-9669,1,yagmurlu,20.8
SEFER-01394,TREN-132,HAT-04,08.06.2026 04:15,270,v2.1.0,M-8460,1,Sisli,19.1
SEFER-01395,TREN-167,HAT-02,2026-01-26 18:30:00,61,v2.1.0,M-6523,0,yagmurlu,29.5
SEFER-01396,TREN-174,HAT-11,2026-02-25 23:15:00,115,v2.4.1,M-6733,1,Acik,18.3
SEFER-01397,TREN-109,HAT-13,2026-05-07 21:00:00,391,v3.0.0,M-1279,0,yagmurlu,17.1
SEFER-01398,TREN-130,HAT-08,2026-01-21 11:15:00,233,v2.4.1,M-3135,0,yagmurlu,12.0
SEFER-01399,TREN-104,HAT-05,2026-06-10 22:00:00,63,v3.0.0,M-3017,1,Yagmurlu,54.2
SEFER-01400,TREN-179,HAT-03,2026-03-24 01:15:00,135,v1.0.4,M-8065,1,yagmurlu,17.7
SEFER-01401,TREN-176,HAT-01,2026-03-12 14:15:00,321,v2.4.1,M-5277,0,,29.0
SEFER-01402,TREN-101,HAT-04,30.04.2026 22:30,,v3.0.0,M-9132,1,Acik,9.6
SEFER-01403,TREN-148,HAT-07,2026-06-02 15:30:00,352,v2.4.1,M-7965,0,,15.1
SEFER-01404,TREN-132,HAT-05,2026-03-24 02:00:00,286,v1.0.4,M-2941,0,Sisli,15.0
SEFER-01405,TREN-105,HAT-04,2026-01-05 19:45:00,254,v2.1.0,M-7943,0,Karli,39.4
SEFER-01406,TREN-170,HAT-01,2026-03-30 11:00:00,279,v1.0.4,M-6615,0,Acik,1.6
SEFER-01407,TREN-160,HAT-02,2026-02-03 14:00:00,77,v1.0.4,M-5714,1,Sisli,27.5
SEFER-01408,TREN-168,HAT-05,2026-03-26 05:30:00,108,v3.0.0,M-3977,1,,2.2
SEFER-01409,TREN-169,HAT-14,2026-04-01 09:30:00,355,v1.0.4,M-6468,0,Karli,31.9
SEFER-01410,TREN-126,HAT-10,2026-03-10 22:15:00,275,v3.0.0,M-3439,0,Karli,33.2
SEFER-01411,TREN-146,HAT-10,2026-01-12 04:15:00,293,v3.0.0,M-7796,1,Acik,0.3
SEFER-01412,TREN-113,HAT-05,2026-06-14 22:30:00,,v3.0.0,M-8657,0,Acik,15.9
SEFER-01413,TREN-133,HAT-01,2026-01-04 14:30:00,332,v2.4.1,M-1049,1,Acik,17.2
SEFER-01414,TREN-132,HAT-11,2026-05-02 00:00:00,180,v2.4.1,M-9141,1,yagmurlu,17.4
SEFER-01415,TREN-178,HAT-09,2026-03-26 08:15:00,352,v3.0.0,M-5794,0,Sisli,36.6
SEFER-01416,TREN-153,HAT-15,2026-03-07 10:00:00,75,v2.1.0,M-3854,1,Sisli,21.5
SEFER-01417,TREN-156,HAT-03,2026-02-06 05:30:00,362,v2.4.1,M-3705,1,Sisli,31.5
SEFER-01418,TREN-118,HAT-01,06.02.2026 19:45,326,v2.1.0,M-1449,1,Yagmurlu,19.1
SEFER-01419,TREN-113,HAT-14,2026-06-09 02:00:00,434,v3.0.0,M-3401,0,yagmurlu,16.5
SEFER-01420,TREN-111,HAT-08,2026-06-14 12:00:00,370,v1.0.4,M-2156,1,yagmurlu,41.4
SEFER-01421,TREN-134,HAT-05,2026-04-02 13:15:00,500,v2.1.0,M-8214,1,Karli,22.4
SEFER-01422,TREN-157,HAT-15,03.01.2026 05:15,,v3.0.0,M-2535,0,yagmurlu,8.5
SEFER-01423,TREN-125,HAT-07,2026-04-07 09:00:00,441,v3.0.0,M-5430,0,,21.0
SEFER-01424,TREN-177,HAT-11,2026-03-14 12:15:00,346,v1.0.4,M-5376,0,,26.6
SEFER-01425,TREN-176,HAT-06,2026-02-09 09:00:00,454,v1.0.4,M-9099,0,yagmurlu,23.5
SEFER-01426,TREN-123,HAT-08,2026-02-18 17:15:00,104,v3.0.0,M-3977,1,Sisli,33.7
SEFER-01427,TREN-106,HAT-15,2026-04-14 11:45:00,362,v2.4.1,M-8033,0,Sisli,19.8
SEFER-01428,TREN-135,HAT-08,2026-03-29 13:30:00,128,v2.1.0,M-6825,0,yagmurlu,12.1
SEFER-01429,TREN-153,HAT-05,03.04.2026 20:15,454,v2.1.0,M-1673,1,Yagmurlu,11.1
SEFER-01430,TREN-118,HAT-05,2026-03-09 16:45:00,319,v1.0.4,M-2038,0,Sisli,24.2
SEFER-01431,TREN-139,HAT-02,2026-02-06 20:00:00,421,v2.1.0,M-4351,1,Yagmurlu,12.4
SEFER-01432,TREN-114,HAT-04,2026-02-06 15:45:00,224,v2.4.1,M-6262,0,Yagmurlu,47.6
SEFER-01433,TREN-152,HAT-06,2026-05-14 07:00:00,192,v1.0.4,M-8027,1,Karli,31.8
SEFER-01434,TREN-105,HAT-14,2026-02-03 05:30:00,263,v3.0.0,M-2070,0,Sisli,33.7
SEFER-01435,TREN-134,HAT-10,2026-04-03 02:00:00,423,v2.1.0,M-2587,1,Acik,20.1
SEFER-01436,TREN-111,HAT-08,2026-02-16 11:45:00,453,v3.0.0,M-7169,1,Yagmurlu,26.3
SEFER-01437,TREN-170,HAT-07,2026-04-16 11:15:00,406,v3.0.0,M-6117,0,yagmurlu,16.0
SEFER-01438,TREN-142,HAT-06,2026-04-11 15:30:00,75,v2.1.0,M-1959,1,Acik,1.3
SEFER-01439,TREN-147,HAT-04,2026-04-30 04:45:00,,v1.0.4,M-4720,1,Acik,0.7
SEFER-01440,TREN-127,HAT-07,2026-02-23 21:15:00,114,v2.4.1,M-1914,1,Acik,7.2
SEFER-01441,TREN-163,HAT-01,2026-01-09 15:00:00,204,v2.4.1,M-3931,0,Yagmurlu,11.5
SEFER-01442,TREN-138,HAT-15,2026-03-06 11:45:00,429,v3.0.0,M-1819,1,yagmurlu,17.5
SEFER-01443,TREN-156,HAT-05,2026-01-28 20:00:00,211,v3.0.0,M-6569,0,Sisli,35.0
SEFER-01444,TREN-174,HAT-08,2026-05-14 19:30:00,148,v2.1.0,M-4973,1,yagmurlu,34.4
SEFER-01445,TREN-134,HAT-13,2026-03-11 06:45:00,144,v1.0.4,M-7496,1,Sisli,19.1
SEFER-01446,TREN-178,HAT-10,2026-03-01 11:15:00,-44,v2.1.0,M-3492,1,Sisli,16.7
SEFER-01447,TREN-124,HAT-13,2026-05-17 11:45:00,405,v2.4.1,M-2103,1,,6.4
SEFER-01448,TREN-104,HAT-02,2026-01-14 17:15:00,97,v2.4.1,M-9739,1,Karli,49.2
SEFER-01449,TREN-108,HAT-01,2026-05-11 00:00:00,252,v2.1.0,M-4209,0,Sisli,27.4
SEFER-01450,TREN-123,HAT-10,2026-04-12 21:30:00,56,v3.0.0,M-5310,0,Karli,20.9
SEFER-01451,TREN-155,HAT-02,2026-01-26 09:00:00,,v3.0.0,M-6605,0,yagmurlu,20.9
SEFER-01452,TREN-156,HAT-06,2026-04-30 02:45:00,286,v2.1.0,M-7037,1,yagmurlu,12.3
SEFER-01453,TREN-166,HAT-03,2026-02-23 02:15:00,434,v2.4.1,M-5396,0,Yagmurlu,15.0
SEFER-01454,TREN-105,HAT-11,2026-06-11 10:45:00,196,v2.1.0,M-2256,0,,6.3
SEFER-01455,TREN-118,HAT-04,2026-01-27 13:45:00,441,v1.0.4,M-8385,1,,13.1
SEFER-01456,TREN-151,HAT-13,2026-02-05 10:15:00,397,v2.1.0,M-9829,1,,1.8
SEFER-01457,TREN-122,HAT-14,2026-01-13 16:45:00,-35,v3.0.0,M-5045,0,Acik,16.2
SEFER-01458,TREN-133,HAT-06,03.05.2026 05:15,455,v2.1.0,M-5370,0,Yagmurlu,11.9
SEFER-01459,TREN-143,HAT-14,09.02.2026 10:30,491,v1.0.4,M-7493,1,,15.5
SEFER-01460,TREN-161,HAT-09,2026-02-19 03:00:00,138,v2.4.1,M-5286,1,Karli,17.9
SEFER-01461,TREN-155,HAT-01,2026-05-22 04:15:00,402,v3.0.0,M-2755,0,Acik,6.4
SEFER-01462,TREN-142,HAT-04,2026-04-21 02:00:00,307,v3.0.0,M-7972,0,yagmurlu,18.8
SEFER-01463,TREN-177,HAT-01,2026-02-22 11:30:00,478,v2.1.0,M-5158,1,Sisli,16.1
SEFER-01464,TREN-130,HAT-01,2026-05-19 12:00:00,326,v2.1.0,M-5387,0,,33.1
SEFER-01465,TREN-127,HAT-14,2026-04-06 06:15:00,170,v1.0.4,M-9191,0,Yagmurlu,16.4
SEFER-01466,TREN-151,HAT-15,2026-05-20 16:15:00,138,v2.1.0,M-3748,0,yagmurlu,28.2
SEFER-01467,TREN-116,HAT-01,20.05.2026 13:00,51,v3.0.0,M-8110,1,Acik,0.7
SEFER-01468,TREN-115,HAT-01,2026-06-05 13:00:00,393,v3.0.0,M-2993,0,yagmurlu,33.2
SEFER-01469,TREN-171,HAT-02,2026-05-20 19:30:00,97,v2.4.1,M-6231,0,Karli,25.6
SEFER-01470,TREN-111,HAT-10,2026-03-29 08:00:00,450,v2.4.1,M-7695,1,yagmurlu,28.3
SEFER-01471,TREN-113,HAT-01,2026-01-01 20:15:00,284,v2.4.1,M-6397,1,Sisli,-999.0
SEFER-01472,TREN-157,HAT-14,13.01.2026 23:30,273,v3.0.0,M-5401,0,Sisli,50.9
SEFER-01473,TREN-110,HAT-01,2026-06-04 16:45:00,94,v2.1.0,M-5623,0,,0.9
SEFER-01474,TREN-158,HAT-09,2026-02-25 12:00:00,352,v1.0.4,M-7017,0,Karli,29.8
SEFER-01475,TREN-156,HAT-07,2026-04-04 19:15:00,323,v2.1.0,M-7363,1,,18.4
SEFER-01476,TREN-102,HAT-09,2026-02-10 04:45:00,375,v3.0.0,M-2190,1,yagmurlu,9.3
SEFER-01477,TREN-104,HAT-06,2026-05-18 06:45:00,89,v2.1.0,M-3072,0,yagmurlu,14.1
SEFER-01478,TREN-112,HAT-03,2026-03-15 21:30:00,317,v3.0.0,M-1240,1,yagmurlu,16.2
SEFER-01479,TREN-111,HAT-09,2026-05-27 03:00:00,342,v3.0.0,M-6918,1,Karli,42.3
SEFER-01480,TREN-166,HAT-06,2026-06-16 01:00:00,411,v2.4.1,M-7309,0,Acik,11.1
SEFER-01481,TREN-110,HAT-02,2026-04-03 17:15:00,353,v2.1.0,M-3665,0,Sisli,53.1
SEFER-01482,TREN-178,HAT-08,2026-02-27 07:00:00,185,v2.1.0,M-2724,1,,23.1
SEFER-01483,TREN-138,HAT-06,2026-03-25 05:00:00,114,v2.4.1,M-9141,0,Acik,18.6
SEFER-01484,TREN-174,HAT-01,10.06.2026 08:00,410,v3.0.0,M-3812,0,Karli,30.3
SEFER-01485,TREN-118,HAT-05,2026-05-25 21:45:00,336,v2.4.1,M-1082,0,yagmurlu,12.0
SEFER-01486,TREN-112,HAT-08,2026-03-31 00:15:00,281,v1.0.4,M-7381,1,Yagmurlu,8.9
SEFER-01487,TREN-101,HAT-08,2026-01-12 11:00:00,378,v1.0.4,M-7091,0,,14.0
SEFER-01488,TREN-179,HAT-03,2026-05-25 06:45:00,467,v1.0.4,M-1714,1,,0.9
SEFER-01489,TREN-130,HAT-14,28.05.2026 09:45,152,v3.0.0,M-6143,0,Acik,10.3
SEFER-01490,TREN-101,HAT-08,2026-02-14 00:00:00,209,v2.1.0,M-3307,1,yagmurlu,20.4
SEFER-01491,TREN-153,HAT-10,2026-04-06 00:15:00,117,v1.0.4,M-7773,0,yagmurlu,11.0
SEFER-01492,TREN-180,HAT-13,2026-05-04 07:15:00,209,v1.0.4,M-1581,1,yagmurlu,18.9
SEFER-01493,TREN-143,HAT-01,2026-01-27 11:30:00,256,v2.4.1,M-4495,1,Yagmurlu,19.5
SEFER-01494,TREN-157,HAT-05,2026-03-31 16:15:00,265,v3.0.0,M-1637,1,yagmurlu,8.6
SEFER-01495,TREN-158,HAT-04,2026-04-11 15:15:00,203,v2.1.0,M-6208,0,yagmurlu,15.0
SEFER-01496,TREN-149,HAT-15,2026-05-17 09:30:00,74,v3.0.0,M-5533,0,Karli,29.1
SEFER-01497,TREN-151,HAT-06,2026-03-18 21:30:00,253,v1.0.4,M-1557,1,Yagmurlu,10.3
SEFER-01498,TREN-142,HAT-02,2026-01-08 12:45:00,64,v2.1.0,M-2633,0,,46.2
SEFER-01499,TREN-113,HAT-08,14.05.2026 04:45,59,v3.0.0,M-7374,0,Yagmurlu,12.0
SEFER-01500,TREN-123,HAT-03,2026-04-19 10:00:00,169,v1.0.4,M-3902,0,Karli,32.0
SEFER-01501,TREN-111,HAT-11,2026-01-24 07:15:00,456,v1.0.4,M-3587,1,yagmurlu,22.4
SEFER-01502,TREN-107,HAT-02,2026-02-24 18:00:00,143,v2.4.1,M-8211,1,Karli,59.0
SEFER-01503,TREN-105,HAT-08,2026-02-18 11:00:00,441,v3.0.0,M-1811,1,Sisli,27.2
SEFER-01504,TREN-176,HAT-11,2026-03-04 17:00:00,474,v2.4.1,M-4542,1,Acik,10.5
SEFER-01505,TREN-102,HAT-04,29.04.2026 00:00,66,v2.4.1,M-2055,0,Yagmurlu,13.6
SEFER-01506,TREN-170,HAT-05,2026-04-18 05:00:00,222,v2.4.1,M-6670,0,yagmurlu,17.6
SEFER-01507,TREN-148,HAT-11,2026-04-08 00:30:00,86,v1.0.4,M-1314,1,Acik,0.6
SEFER-01508,TREN-174,HAT-07,11.06.2026 04:00,274,v2.1.0,M-8847,1,Sisli,18.0
SEFER-01509,TREN-117,HAT-12,2026-06-02 02:15:00,197,v2.4.1,M-4686,0,Karli,23.7
SEFER-01510,TREN-101,HAT-07,2026-03-26 00:45:00,130,v2.4.1,M-1181,0,Karli,19.0
SEFER-01511,TREN-164,HAT-04,2026-03-07 00:30:00,144,v2.1.0,M-2001,0,Karli,16.1
SEFER-01512,TREN-174,HAT-12,2026-05-14 05:15:00,219,v1.0.4,M-1652,1,Acik,0.7
SEFER-01513,TREN-106,HAT-06,2026-02-11 22:00:00,334,v2.1.0,M-2911,0,Sisli,22.1
SEFER-01514,TREN-150,HAT-07,2026-03-18 00:15:00,53,v3.0.0,M-6473,1,Karli,37.7
SEFER-01515,TREN-142,HAT-14,07.04.2026 18:15,353,v2.1.0,M-4936,1,Sisli,28.7
SEFER-01516,TREN-123,HAT-13,2026-01-02 16:15:00,145,v1.0.4,M-3065,0,Acik,3.0
SEFER-01517,TREN-157,HAT-02,2026-01-16 18:30:00,434,v2.1.0,M-2621,0,yagmurlu,18.1
SEFER-01518,TREN-109,HAT-06,2026-06-05 00:00:00,420,v3.0.0,M-2743,0,Acik,11.6
SEFER-01519,TREN-165,HAT-07,2026-02-06 08:30:00,423,v3.0.0,M-8707,0,yagmurlu,39.3
SEFER-01520,TREN-113,HAT-07,2026-04-06 03:00:00,445,v2.1.0,M-2100,1,Karli,39.9
SEFER-01521,TREN-178,HAT-03,2026-03-29 00:45:00,191,v1.0.4,M-2572,0,Karli,47.6
SEFER-01522,TREN-122,HAT-12,2026-05-09 22:45:00,,v2.1.0,M-4746,0,yagmurlu,10.4
SEFER-01523,TREN-120,HAT-01,2026-02-13 06:00:00,192,v1.0.4,M-2081,1,,2.4
SEFER-01524,TREN-147,HAT-10,2026-04-14 01:15:00,426,v2.1.0,M-1830,1,,13.3
SEFER-01525,TREN-120,HAT-04,2026-05-26 17:15:00,233,v2.4.1,M-4177,0,Yagmurlu,29.9
SEFER-01526,TREN-117,HAT-09,2026-01-17 05:45:00,,v1.0.4,M-6643,0,Karli,-999.0
SEFER-01527,TREN-157,HAT-08,2026-03-20 16:30:00,362,v1.0.4,M-3652,0,yagmurlu,10.5
SEFER-01528,TREN-154,HAT-11,2026-06-01 00:00:00,361,v2.1.0,M-2955,0,Acik,19.7
SEFER-01529,TREN-134,HAT-04,24.05.2026 23:30,133,v2.1.0,M-2941,1,Yagmurlu,16.4
SEFER-01530,TREN-163,HAT-01,2026-03-27 18:00:00,238,v3.0.0,M-1664,1,Sisli,43.4
SEFER-01531,TREN-130,HAT-12,09.03.2026 11:15,251,v2.4.1,M-5173,1,Karli,19.5
SEFER-01532,TREN-105,HAT-08,2026-06-14 23:45:00,206,v3.0.0,M-6632,0,yagmurlu,22.7
SEFER-01533,TREN-139,HAT-11,2026-04-14 10:45:00,483,v1.0.4,M-2449,1,Yagmurlu,12.9
SEFER-01534,TREN-119,HAT-05,2026-02-07 04:45:00,428,v2.4.1,M-5367,0,Karli,43.3
SEFER-01535,TREN-113,HAT-11,2026-03-30 02:00:00,354,v3.0.0,M-3416,0,,9.6
SEFER-01536,TREN-140,HAT-15,2026-05-21 07:00:00,244,v2.1.0,M-3195,1,Karli,27.5
SEFER-01537,TREN-159,HAT-03,2026-06-01 23:30:00,170,v1.0.4,M-4946,0,Yagmurlu,10.8
SEFER-01538,TREN-111,HAT-12,2026-05-23 15:30:00,257,v2.4.1,M-8649,1,Acik,4.7
SEFER-01539,TREN-173,HAT-11,2026-02-16 02:45:00,350,v2.4.1,M-6496,0,,22.5
SEFER-01540,TREN-147,HAT-04,2026-03-16 18:30:00,188,v3.0.0,M-2041,1,Sisli,29.9
SEFER-01541,TREN-127,HAT-15,18.02.2026 02:15,239,v2.4.1,M-6019,0,Acik,7.7
SEFER-01542,TREN-144,HAT-03,2026-05-11 00:45:00,240,v3.0.0,M-3977,0,yagmurlu,12.8
SEFER-01543,TREN-131,HAT-01,2026-03-19 14:30:00,417,v3.0.0,M-3007,1,yagmurlu,51.7
SEFER-01544,TREN-107,HAT-11,2026-06-13 00:30:00,176,v2.4.1,M-6189,1,Yagmurlu,36.3
SEFER-01545,TREN-128,HAT-12,2026-05-19 10:00:00,386,v1.0.4,M-1491,0,Sisli,17.6
SEFER-01546,TREN-164,HAT-09,2026-05-21 12:30:00,111,v1.0.4,M-5601,1,Acik,4.6
SEFER-01547,TREN-121,HAT-04,2026-03-04 03:30:00,308,v3.0.0,M-1796,0,Sisli,18.0
SEFER-01548,TREN-164,HAT-04,2026-04-20 22:15:00,396,v2.4.1,M-3418,0,Acik,11.8
SEFER-01549,TREN-157,HAT-08,2026-03-19 13:15:00,215,v1.0.4,M-5565,0,Sisli,17.1
SEFER-01550,TREN-106,HAT-15,2026-05-11 12:30:00,324,v2.4.1,M-9505,0,Acik,0.2
SEFER-01551,TREN-105,HAT-01,2026-06-07 09:15:00,423,v3.0.0,M-4192,0,Yagmurlu,18.7
SEFER-01552,TREN-155,HAT-01,2026-04-14 08:30:00,455,v3.0.0,M-9668,0,Acik,24.7
SEFER-01553,TREN-164,HAT-03,2026-06-05 06:00:00,368,v3.0.0,M-3883,0,Karli,19.3
SEFER-01554,TREN-177,HAT-11,2026-02-02 01:45:00,418,v2.1.0,M-4844,0,Karli,48.9
SEFER-01555,TREN-122,HAT-03,2026-04-20 11:45:00,317,v2.4.1,M-8760,0,yagmurlu,-999.0
SEFER-01556,TREN-146,HAT-04,2026-01-23 07:15:00,229,v1.0.4,M-8522,0,Acik,16.3
SEFER-01557,TREN-166,HAT-03,2026-03-08 15:45:00,308,v1.0.4,M-2616,0,Yagmurlu,25.7
SEFER-01558,TREN-163,HAT-02,27.01.2026 20:45,471,v2.1.0,M-2468,1,yagmurlu,10.5
SEFER-01559,TREN-156,HAT-15,2026-05-01 23:30:00,256,v2.4.1,M-3146,0,Sisli,17.2
SEFER-01560,TREN-127,HAT-04,2026-04-29 03:15:00,414,v2.4.1,M-5157,0,yagmurlu,8.2
SEFER-01561,TREN-145,HAT-09,2026-04-25 15:15:00,400,v2.4.1,M-7635,0,,19.7
SEFER-01562,TREN-149,HAT-03,2026-05-21 09:30:00,249,v3.0.0,M-5008,0,Yagmurlu,35.9
SEFER-01563,TREN-115,HAT-09,2026-01-10 17:30:00,191,v2.4.1,M-4753,1,Acik,-999.0
SEFER-01564,TREN-116,HAT-11,2026-04-07 02:30:00,86,v1.0.4,M-9334,1,Yagmurlu,22.9
SEFER-01565,TREN-152,HAT-04,2026-04-08 16:45:00,210,v2.4.1,M-6217,1,,3.2
SEFER-01566,TREN-173,HAT-02,2026-05-17 15:15:00,238,v1.0.4,M-2269,1,Acik,5.6
SEFER-01567,TREN-143,HAT-07,2026-02-16 14:00:00,345,v2.4.1,M-8386,1,,4.7
SEFER-01568,TREN-146,HAT-13,2026-02-01 19:00:00,-9,v2.1.0,M-1244,0,Acik,12.9
SEFER-01569,TREN-180,HAT-14,22.04.2026 12:45,95,v2.1.0,M-8045,1,Yagmurlu,11.7
SEFER-01570,TREN-160,HAT-09,2026-04-07 22:45:00,317,v3.0.0,M-8927,0,Sisli,17.4
SEFER-01571,TREN-111,HAT-13,2026-04-13 23:15:00,395,v3.0.0,M-9924,1,Acik,6.2
SEFER-01572,TREN-146,HAT-04,2026-05-24 17:15:00,407,v1.0.4,M-7262,1,,13.7
SEFER-01573,TREN-140,HAT-04,2026-01-06 12:30:00,73,v1.0.4,M-6719,1,Yagmurlu,9.3
SEFER-01574,TREN-149,HAT-05,2026-02-18 12:45:00,53,v3.0.0,M-7482,1,,0.5
SEFER-01575,TREN-140,HAT-09,2026-04-24 19:45:00,279,v1.0.4,M-7877,0,yagmurlu,24.0
SEFER-01576,TREN-150,HAT-15,2026-03-01 13:45:00,,v2.4.1,M-6156,0,Karli,15.3
SEFER-01577,TREN-161,HAT-04,2026-01-07 16:45:00,365,v1.0.4,M-6867,0,Yagmurlu,40.9
SEFER-01578,TREN-173,HAT-12,2026-03-07 03:15:00,,v2.1.0,M-7029,1,Karli,24.0
SEFER-01579,TREN-115,HAT-03,2026-04-01 12:15:00,268,v2.4.1,M-5751,1,Karli,17.7
SEFER-01580,TREN-179,HAT-07,2026-03-01 18:30:00,202,v2.4.1,M-4627,1,Karli,39.0
SEFER-01581,TREN-133,HAT-13,2026-01-13 16:30:00,358,v2.4.1,M-5518,1,yagmurlu,10.8
SEFER-01582,TREN-137,HAT-04,2026-04-09 08:30:00,319,v2.1.0,M-3393,0,,28.1
SEFER-01583,TREN-107,HAT-10,2026-02-26 06:45:00,420,v2.4.1,M-2634,0,Yagmurlu,52.5
SEFER-01584,TREN-121,HAT-02,2026-06-15 08:00:00,278,v3.0.0,M-1710,1,Yagmurlu,18.6
SEFER-01585,TREN-142,HAT-05,2026-06-03 17:30:00,451,v2.1.0,M-3058,0,Sisli,29.6
SEFER-01586,TREN-132,HAT-01,2026-01-08 13:30:00,205,v2.1.0,M-1894,0,Sisli,41.4
SEFER-01587,TREN-119,HAT-15,2026-05-07 01:30:00,154,v3.0.0,M-6836,1,,19.9
SEFER-01588,TREN-125,HAT-06,2026-04-10 15:30:00,51,v1.0.4,M-4578,0,yagmurlu,36.1
SEFER-01589,TREN-134,HAT-12,2026-03-03 18:30:00,253,v2.4.1,M-1787,0,Sisli,27.5
SEFER-01590,TREN-138,HAT-15,2026-02-01 13:15:00,393,v2.1.0,M-6079,1,,1.5
SEFER-01591,TREN-138,HAT-03,2026-02-15 11:45:00,204,v3.0.0,M-9264,1,Yagmurlu,18.9
SEFER-01592,TREN-170,HAT-14,2026-01-06 00:00:00,383,v2.4.1,M-7249,0,Karli,27.4
SEFER-01593,TREN-120,HAT-15,2026-05-18 14:00:00,274,v1.0.4,M-5949,0,Karli,15.7
SEFER-01594,TREN-141,HAT-01,2026-01-27 17:15:00,237,v2.4.1,M-7916,1,Acik,11.8
SEFER-01595,TREN-144,HAT-03,2026-03-18 18:30:00,438,v2.1.0,M-4830,0,Yagmurlu,20.2
SEFER-01596,TREN-118,HAT-01,2026-01-24 04:30:00,160,v2.1.0,M-4232,1,Yagmurlu,29.0
SEFER-01597,TREN-153,HAT-08,2026-03-17 12:00:00,269,v3.0.0,M-7993,0,Sisli,19.5
SEFER-01598,TREN-162,HAT-10,2026-04-15 08:30:00,433,v2.1.0,M-1918,0,Acik,11.9
SEFER-01599,TREN-123,HAT-15,2026-02-09 15:30:00,64,v2.1.0,M-1764,0,Yagmurlu,11.2
SEFER-01600,TREN-170,HAT-05,2026-03-20 11:00:00,464,v1.0.4,M-2488,1,,16.0
SEFER-01601,TREN-121,HAT-03,2026-04-24 05:15:00,79,v2.4.1,M-9953,1,Sisli,31.8
SEFER-01602,TREN-114,HAT-14,2026-06-06 19:45:00,214,v2.1.0,M-5320,0,Karli,30.3
SEFER-01603,TREN-150,HAT-06,2026-04-20 10:15:00,128,v1.0.4,M-3947,0,,6.3
SEFER-01604,TREN-141,HAT-10,2026-01-08 02:30:00,194,v2.1.0,M-5053,1,,2.9
SEFER-01605,TREN-132,HAT-11,2026-02-02 06:45:00,456,v1.0.4,M-2953,1,Yagmurlu,9.1
SEFER-01606,TREN-166,HAT-01,2026-02-10 11:30:00,463,v1.0.4,M-8445,0,,9.5
SEFER-01607,TREN-163,HAT-05,2026-04-29 14:00:00,356,v2.4.1,M-6815,0,Yagmurlu,12.3
SEFER-01608,TREN-177,HAT-06,2026-05-06 17:00:00,122,v2.1.0,M-4609,1,Sisli,54.1
SEFER-01609,TREN-124,HAT-03,2026-01-04 21:30:00,107,v2.4.1,M-7266,0,Sisli,16.9
SEFER-01610,TREN-125,HAT-12,2026-05-06 20:00:00,153,v1.0.4,M-5992,1,Karli,18.5
SEFER-01611,TREN-166,HAT-10,10.04.2026 06:30,461,v3.0.0,M-9314,1,Yagmurlu,8.1
SEFER-01612,TREN-110,HAT-10,2026-05-11 23:30:00,304,v3.0.0,M-7998,0,Karli,24.8
SEFER-01613,TREN-121,HAT-15,2026-04-13 06:30:00,281,v2.1.0,M-6876,0,Sisli,21.4
SEFER-01614,TREN-103,HAT-07,2026-01-14 23:45:00,464,v2.1.0,M-3472,1,yagmurlu,9.4
SEFER-01615,TREN-115,HAT-02,2026-02-25 07:45:00,212,v3.0.0,M-4810,1,Karli,39.2
SEFER-01616,TREN-132,HAT-08,2026-04-25 07:15:00,368,v2.1.0,M-1700,1,,13.5
SEFER-01617,TREN-149,HAT-02,2026-02-27 11:30:00,,v2.1.0,M-2752,0,,8.0
SEFER-01618,TREN-169,HAT-13,26.05.2026 13:00,486,v1.0.4,M-3896,0,Yagmurlu,20.2
SEFER-01619,TREN-113,HAT-14,2026-01-30 18:00:00,389,v3.0.0,M-9903,1,Acik,22.4
SEFER-01620,TREN-169,HAT-08,2026-03-10 18:30:00,348,v1.0.4,M-7380,1,Acik,17.6
SEFER-01621,TREN-140,HAT-13,24.01.2026 01:00,341,v3.0.0,M-5006,1,yagmurlu,32.7
SEFER-01622,TREN-167,HAT-06,2026-05-13 16:45:00,495,v1.0.4,M-8132,0,Sisli,28.8
SEFER-01623,TREN-128,HAT-05,2026-04-23 15:15:00,273,v1.0.4,M-6007,0,Yagmurlu,10.0
SEFER-01624,TREN-106,HAT-05,2026-01-29 02:30:00,107,v1.0.4,M-2475,1,Karli,28.2
SEFER-01625,TREN-179,HAT-08,2026-01-27 10:45:00,363,v2.1.0,M-9416,0,Karli,23.6
SEFER-01626,TREN-115,HAT-12,05.04.2026 00:00,266,v2.1.0,M-1034,0,Sisli,15.2
SEFER-01627,TREN-101,HAT-06,2026-06-10 00:15:00,149,v1.0.4,M-6271,0,yagmurlu,13.0
SEFER-01628,TREN-142,HAT-13,2026-01-31 21:30:00,170,v2.1.0,M-7847,0,yagmurlu,20.4
SEFER-01629,TREN-173,HAT-13,15.04.2026 14:00,407,v3.0.0,M-4998,0,Sisli,16.8
SEFER-01630,TREN-123,HAT-14,2026-04-06 02:15:00,247,v2.1.0,M-8924,1,,15.6
SEFER-01631,TREN-111,HAT-09,2026-02-27 15:00:00,465,v2.1.0,M-8111,1,Sisli,16.9
SEFER-01632,TREN-114,HAT-01,2026-06-16 08:00:00,455,v2.1.0,M-2624,0,Yagmurlu,20.2
SEFER-01633,TREN-145,HAT-15,2026-02-02 03:45:00,82,v1.0.4,M-7652,1,yagmurlu,14.5
SEFER-01634,TREN-164,HAT-07,2026-01-17 11:00:00,239,v1.0.4,M-5364,0,yagmurlu,9.8
SEFER-01635,TREN-110,HAT-10,2026-01-22 23:45:00,109,v2.4.1,M-7864,0,Sisli,40.0
SEFER-01636,TREN-170,HAT-12,2026-02-21 06:30:00,395,v2.1.0,M-7402,1,Acik,46.8
SEFER-01637,TREN-148,HAT-12,2026-06-12 22:45:00,363,v2.4.1,M-8343,0,Karli,23.6
SEFER-01638,TREN-140,HAT-10,2026-03-28 19:15:00,189,v3.0.0,M-5880,0,,15.7
SEFER-01639,TREN-175,HAT-14,2026-04-14 23:00:00,123,v2.4.1,M-2031,1,yagmurlu,13.3
SEFER-01640,TREN-174,HAT-10,09.03.2026 21:45,-39,v2.4.1,M-6766,1,Sisli,18.7
SEFER-01641,TREN-152,HAT-05,2026-01-14 02:15:00,483,v2.4.1,M-8509,1,Karli,16.2
SEFER-01642,TREN-127,HAT-07,2026-05-06 08:00:00,349,v1.0.4,M-3730,1,yagmurlu,18.3
SEFER-01643,TREN-102,HAT-06,2026-06-14 22:15:00,66,v1.0.4,M-7499,1,Yagmurlu,13.1
SEFER-01644,TREN-138,HAT-09,13.04.2026 23:00,188,v1.0.4,M-4628,0,yagmurlu,25.9
SEFER-01645,TREN-172,HAT-15,2026-04-03 08:15:00,218,v2.1.0,M-8761,1,Sisli,28.6
SEFER-01646,TREN-114,HAT-09,2026-03-01 13:45:00,126,v1.0.4,M-1010,0,Sisli,30.5
SEFER-01647,TREN-106,HAT-11,2026-03-01 02:45:00,353,v2.4.1,M-7347,1,yagmurlu,12.4
SEFER-01648,TREN-113,HAT-09,2026-02-14 19:15:00,390,v3.0.0,M-1319,0,Karli,30.7
SEFER-01649,TREN-168,HAT-08,2026-01-28 21:45:00,65,v2.4.1,M-3013,0,Acik,10.0
SEFER-01650,TREN-130,HAT-05,2026-06-07 01:30:00,117,v3.0.0,M-5493,1,yagmurlu,17.0
SEFER-01651,TREN-155,HAT-09,2026-06-04 06:45:00,204,v2.1.0,M-2914,1,Acik,4.7
SEFER-01652,TREN-145,HAT-10,2026-04-13 04:45:00,267,v1.0.4,M-1129,1,Yagmurlu,10.0
SEFER-01653,TREN-131,HAT-04,2026-06-09 06:30:00,,v2.4.1,M-9866,1,Sisli,18.7
SEFER-01654,TREN-142,HAT-06,2026-04-13 04:15:00,99,v3.0.0,M-2340,0,Yagmurlu,15.6
SEFER-01655,TREN-137,HAT-06,2026-05-05 14:30:00,474,v3.0.0,M-3092,0,yagmurlu,8.6
SEFER-01656,TREN-112,HAT-15,2026-05-29 13:00:00,171,v3.0.0,M-3573,1,,1.5
SEFER-01657,TREN-135,HAT-09,2026-04-20 21:15:00,414,v2.1.0,M-6001,0,,3.9
SEFER-01658,TREN-145,HAT-03,2026-05-02 21:30:00,307,v3.0.0,M-2090,0,Karli,21.7
SEFER-01659,TREN-144,HAT-15,2026-01-10 03:00:00,182,v2.1.0,M-6998,0,Sisli,21.1
SEFER-01660,TREN-146,HAT-13,2026-01-25 08:30:00,430,v3.0.0,M-2951,1,,13.5
SEFER-01661,TREN-175,HAT-05,2026-05-01 02:45:00,358,v1.0.4,M-4641,0,Yagmurlu,8.4
SEFER-01662,TREN-116,HAT-09,07.02.2026 09:45,402,v2.1.0,M-7997,0,Yagmurlu,20.7
SEFER-01663,TREN-166,HAT-08,2026-03-28 14:15:00,230,v1.0.4,M-5673,1,Yagmurlu,14.5
SEFER-01664,TREN-124,HAT-06,2026-04-28 00:00:00,404,v2.1.0,M-6364,0,Karli,20.3
SEFER-01665,TREN-162,HAT-13,2026-05-18 18:00:00,104,v2.4.1,M-5574,1,Karli,30.5
SEFER-01666,TREN-164,HAT-02,2026-05-06 17:45:00,133,v1.0.4,M-6085,0,yagmurlu,34.6
SEFER-01667,TREN-127,HAT-14,2026-03-09 20:15:00,242,v2.4.1,M-1862,0,,15.8
SEFER-01668,TREN-105,HAT-02,2026-01-09 11:30:00,322,v2.4.1,M-3682,0,Yagmurlu,25.9
SEFER-01669,TREN-111,HAT-09,2026-04-12 16:45:00,197,v2.4.1,M-8500,1,Yagmurlu,18.5
SEFER-01670,TREN-157,HAT-03,2026-04-07 00:30:00,218,v2.1.0,M-9492,0,,12.4
SEFER-01671,TREN-176,HAT-01,31.01.2026 19:15,286,v1.0.4,M-3255,1,,17.7
SEFER-01672,TREN-168,HAT-09,2026-02-02 06:45:00,218,v2.4.1,M-6385,0,yagmurlu,15.5
SEFER-01673,TREN-135,HAT-13,2026-06-08 06:15:00,131,v1.0.4,M-2359,0,yagmurlu,60.8
SEFER-01674,TREN-128,HAT-11,2026-01-06 07:15:00,272,v2.1.0,M-9055,0,yagmurlu,19.2
SEFER-01675,TREN-136,HAT-15,2026-02-27 16:00:00,,v2.1.0,M-2726,1,yagmurlu,18.7
SEFER-01676,TREN-160,HAT-10,2026-01-09 06:30:00,267,v2.4.1,M-2465,1,Sisli,23.8
SEFER-01677,TREN-165,HAT-09,2026-05-09 09:00:00,433,v2.1.0,M-3073,1,Acik,24.6
SEFER-01678,TREN-103,HAT-12,2026-05-08 07:00:00,349,v2.1.0,M-8771,1,Acik,10.1
SEFER-01679,TREN-118,HAT-11,2026-05-29 01:30:00,268,v2.4.1,M-9765,0,Acik,8.5
SEFER-01680,TREN-165,HAT-12,2026-01-22 05:00:00,,v2.1.0,M-7561,0,Yagmurlu,11.6
SEFER-01681,TREN-144,HAT-15,2026-04-30 05:45:00,121,v3.0.0,M-5019,0,Sisli,15.8
SEFER-01682,TREN-146,HAT-04,2026-05-17 12:00:00,328,v3.0.0,M-2480,1,Karli,52.1
SEFER-01683,TREN-138,HAT-08,24.04.2026 20:15,247,v2.1.0,M-6850,1,Sisli,17.7
SEFER-01684,TREN-115,HAT-02,2026-03-07 01:30:00,364,v2.1.0,M-8725,1,Acik,10.8
SEFER-01685,TREN-124,HAT-08,2026-01-06 01:15:00,442,v2.1.0,M-5833,0,,-999.0
SEFER-01686,TREN-167,HAT-02,2026-03-06 17:30:00,399,v3.0.0,M-6297,0,Sisli,25.8
SEFER-01687,TREN-143,HAT-09,2026-05-30 02:30:00,241,v1.0.4,M-3217,1,Acik,0.4
SEFER-01688,TREN-128,HAT-01,2026-02-15 07:15:00,118,v2.4.1,M-5433,1,yagmurlu,38.6
SEFER-01689,TREN-115,HAT-09,2026-05-10 02:15:00,61,v3.0.0,M-9114,1,yagmurlu,13.3
SEFER-01690,TREN-134,HAT-12,2026-05-10 07:00:00,324,v2.4.1,M-6241,1,Karli,52.9
SEFER-01691,TREN-115,HAT-14,2026-05-01 21:15:00,325,v3.0.0,M-3019,1,,22.3
SEFER-01692,TREN-135,HAT-15,2026-02-03 19:00:00,333,v3.0.0,M-5439,0,yagmurlu,60.1
SEFER-01693,TREN-126,HAT-05,2026-06-11 21:15:00,83,v3.0.0,M-6884,0,yagmurlu,14.8
SEFER-01694,TREN-130,HAT-04,2026-03-11 07:30:00,474,v1.0.4,M-2846,1,Karli,26.0
SEFER-01695,TREN-125,HAT-09,2026-05-22 04:45:00,115,v2.1.0,M-1647,1,Sisli,16.4
SEFER-01696,TREN-109,HAT-11,2026-05-25 20:15:00,93,v3.0.0,M-8566,0,yagmurlu,8.4
SEFER-01697,TREN-101,HAT-05,10.05.2026 14:30,,v2.4.1,M-2633,0,,6.8
SEFER-01698,TREN-121,HAT-05,2026-03-05 14:15:00,80,v1.0.4,M-3366,0,yagmurlu,14.6
SEFER-01699,TREN-136,HAT-09,12.06.2026 17:45,335,v2.4.1,M-7666,0,Sisli,26.6
SEFER-01700,TREN-124,HAT-03,2026-03-05 22:00:00,456,v2.1.0,M-3824,1,Yagmurlu,-999.0
SEFER-01701,TREN-113,HAT-02,02.04.2026 07:00,319,v1.0.4,M-8780,0,Sisli,26.0
SEFER-01702,TREN-120,HAT-09,2026-03-10 09:45:00,127,v2.1.0,M-7404,1,Acik,10.3
SEFER-01703,TREN-118,HAT-02,2026-04-08 17:30:00,348,v2.4.1,M-1491,0,Acik,10.1
SEFER-01704,TREN-113,HAT-08,2026-02-11 18:15:00,56,v3.0.0,M-2465,0,Acik,26.0
SEFER-01705,TREN-105,HAT-11,2026-03-19 07:15:00,326,v3.0.0,M-2238,1,Sisli,33.4
SEFER-01706,TREN-164,HAT-03,01.02.2026 22:00,211,v1.0.4,M-9126,0,,14.8
SEFER-01707,TREN-173,HAT-03,2026-04-04 15:00:00,-17,v2.1.0,M-4695,1,Karli,17.8
SEFER-01708,TREN-138,HAT-14,2026-05-15 11:15:00,381,v2.1.0,M-5421,0,Sisli,15.2
SEFER-01709,TREN-119,HAT-12,2026-06-06 05:00:00,471,v2.1.0,M-7157,0,Sisli,31.0
SEFER-01710,TREN-127,HAT-11,2026-02-01 10:45:00,98,v1.0.4,M-8628,1,Yagmurlu,33.6
SEFER-01711,TREN-172,HAT-01,2026-06-15 21:15:00,404,v3.0.0,M-1607,0,Karli,23.8
SEFER-01712,TREN-114,HAT-02,2026-04-09 09:00:00,347,v3.0.0,M-5678,1,Acik,11.9
SEFER-01713,TREN-133,HAT-08,2026-04-06 03:45:00,313,v3.0.0,M-1963,0,,5.5
SEFER-01714,TREN-165,HAT-09,2026-02-16 04:30:00,,v1.0.4,M-2794,0,,2.6
SEFER-01715,TREN-163,HAT-05,17.04.2026 00:15,75,v2.1.0,M-7439,0,Sisli,23.5
SEFER-01716,TREN-126,HAT-13,2026-02-25 21:15:00,273,v2.1.0,M-2921,0,Karli,21.0
SEFER-01717,TREN-174,HAT-09,2026-03-12 06:30:00,415,v2.1.0,M-9055,0,Acik,1.8
SEFER-01718,TREN-102,HAT-06,04.06.2026 07:30,161,v3.0.0,M-5074,1,Acik,10.6
SEFER-01719,TREN-152,HAT-08,2026-02-11 02:00:00,-34,v1.0.4,M-2987,1,yagmurlu,22.6
SEFER-01720,TREN-116,HAT-07,17.05.2026 11:00,485,v2.1.0,M-4851,0,Acik,4.9
SEFER-01721,TREN-164,HAT-04,2026-06-09 14:45:00,322,v1.0.4,M-7360,0,yagmurlu,21.0
SEFER-01722,TREN-170,HAT-13,2026-05-06 08:30:00,92,v3.0.0,M-5013,0,yagmurlu,23.5
SEFER-01723,TREN-107,HAT-01,2026-06-07 11:30:00,110,v3.0.0,M-2351,0,Acik,12.8
SEFER-01724,TREN-167,HAT-15,15.01.2026 18:30,380,v2.1.0,M-6063,0,Karli,36.9
SEFER-01725,TREN-103,HAT-04,2026-04-19 18:30:00,85,v2.4.1,M-7764,1,Karli,27.3
SEFER-01726,TREN-104,HAT-08,2026-02-25 03:45:00,178,v3.0.0,M-8076,1,Karli,23.7
SEFER-01727,TREN-119,HAT-12,10.01.2026 09:00,379,v1.0.4,M-9306,0,,10.2
SEFER-01728,TREN-118,HAT-11,2026-02-08 05:45:00,50,v1.0.4,M-9697,1,Yagmurlu,40.4
SEFER-01729,TREN-165,HAT-15,2026-01-13 04:45:00,119,v2.1.0,M-7743,1,Sisli,17.6
SEFER-01730,TREN-121,HAT-15,2026-02-08 04:30:00,-19,v2.1.0,M-6439,0,Acik,1.7
SEFER-01731,TREN-171,HAT-02,2026-04-28 10:45:00,452,v1.0.4,M-5699,1,,36.7
SEFER-01732,TREN-115,HAT-15,2026-01-06 15:00:00,78,v1.0.4,M-3093,0,Karli,20.6
SEFER-01733,TREN-167,HAT-03,20.03.2026 11:00,431,v3.0.0,M-2124,1,Yagmurlu,10.2
SEFER-01734,TREN-112,HAT-03,2026-01-06 06:30:00,55,v2.4.1,M-4676,1,Sisli,28.3
SEFER-01735,TREN-140,HAT-07,2026-05-05 01:00:00,140,v2.1.0,M-5912,1,Yagmurlu,46.4
SEFER-01736,TREN-104,HAT-02,2026-04-17 09:00:00,-32,v2.1.0,M-6064,1,,23.6
SEFER-01737,TREN-120,HAT-05,2026-02-10 08:30:00,301,v2.4.1,M-2663,0,Sisli,32.7
SEFER-01738,TREN-159,HAT-11,2026-06-12 20:15:00,310,v3.0.0,M-6752,1,Sisli,33.8
SEFER-01739,TREN-120,HAT-14,2026-01-23 10:30:00,368,v3.0.0,M-9366,1,Sisli,36.5
SEFER-01740,TREN-180,HAT-05,2026-03-23 00:45:00,346,v1.0.4,M-7763,0,Acik,10.2
SEFER-01741,TREN-166,HAT-05,2026-03-27 16:45:00,114,v2.1.0,M-6039,0,Yagmurlu,11.8
SEFER-01742,TREN-140,HAT-12,2026-03-13 19:45:00,127,v2.4.1,M-6837,0,Acik,14.1
SEFER-01743,TREN-146,HAT-05,09.04.2026 08:15,403,v1.0.4,M-3027,0,Karli,41.1
SEFER-01744,TREN-179,HAT-08,2026-05-13 08:15:00,125,v3.0.0,M-4825,1,Sisli,27.9
SEFER-01745,TREN-129,HAT-06,2026-04-26 19:30:00,462,v2.4.1,M-7877,0,Yagmurlu,30.9
SEFER-01746,TREN-152,HAT-07,2026-02-14 13:00:00,101,v2.4.1,M-6095,0,Acik,2.0
SEFER-01747,TREN-136,HAT-02,2026-05-18 03:15:00,,v3.0.0,M-1068,0,,5.1
SEFER-01748,TREN-164,HAT-03,18.01.2026 09:45,,v1.0.4,M-8319,0,Yagmurlu,18.6
SEFER-01749,TREN-111,HAT-02,19.05.2026 01:30,-20,v3.0.0,M-2620,1,Sisli,31.8
SEFER-01750,TREN-172,HAT-07,2026-01-09 00:00:00,129,v1.0.4,M-9312,1,Karli,26.5
SEFER-01751,TREN-113,HAT-10,2026-04-21 20:30:00,470,v1.0.4,M-2973,0,yagmurlu,12.0
SEFER-01752,TREN-127,HAT-08,2026-02-28 09:15:00,111,v3.0.0,M-9562,0,Acik,16.4
SEFER-01753,TREN-161,HAT-03,2026-05-14 06:45:00,,v1.0.4,M-7991,0,Yagmurlu,14.3
SEFER-01754,TREN-171,HAT-12,2026-03-29 15:00:00,477,v3.0.0,M-5117,1,Yagmurlu,9.4
SEFER-01755,TREN-163,HAT-13,2026-01-21 20:15:00,70,v1.0.4,M-1114,0,Sisli,36.1
SEFER-01756,TREN-137,HAT-09,2026-01-03 19:30:00,306,v2.4.1,M-4181,0,Acik,10.1
SEFER-01757,TREN-128,HAT-15,2026-03-09 16:15:00,250,v3.0.0,M-6773,1,yagmurlu,8.4
SEFER-01758,TREN-134,HAT-07,24.04.2026 23:45,399,v1.0.4,M-5028,1,,4.4
SEFER-01759,TREN-119,HAT-02,2026-02-25 04:00:00,202,v1.0.4,M-4564,0,Yagmurlu,-999.0
SEFER-01760,TREN-147,HAT-01,2026-06-10 20:30:00,484,v2.1.0,M-3243,1,Yagmurlu,20.1
SEFER-01761,TREN-170,HAT-14,2026-02-20 05:00:00,-7,v1.0.4,M-1253,1,,5.5
SEFER-01762,TREN-130,HAT-01,2026-01-26 09:00:00,293,v3.0.0,M-5764,1,,14.5
SEFER-01763,TREN-132,HAT-04,2026-04-25 05:30:00,97,v2.4.1,M-9170,1,Acik,3.9
SEFER-01764,TREN-134,HAT-13,2026-01-27 18:45:00,453,v3.0.0,M-5043,1,Sisli,44.3
SEFER-01765,TREN-142,HAT-12,2026-05-11 19:00:00,279,v2.1.0,M-7096,1,Sisli,29.0
SEFER-01766,TREN-165,HAT-02,2026-02-28 12:30:00,377,v3.0.0,M-3634,0,Acik,14.4
SEFER-01767,TREN-150,HAT-01,2026-01-27 10:30:00,427,v3.0.0,M-8676,0,Karli,29.8
SEFER-01768,TREN-105,HAT-06,2026-01-12 06:45:00,81,v2.4.1,M-8875,0,yagmurlu,14.2
SEFER-01769,TREN-162,HAT-11,2026-05-04 14:00:00,207,v3.0.0,M-5857,0,Yagmurlu,15.6
SEFER-01770,TREN-139,HAT-09,2026-05-25 17:30:00,246,v2.4.1,M-7462,1,Acik,11.8
SEFER-01771,TREN-119,HAT-15,2026-03-19 04:15:00,73,v1.0.4,M-8296,1,Sisli,20.4
SEFER-01772,TREN-127,HAT-03,2026-03-23 20:00:00,223,v3.0.0,M-8796,1,Yagmurlu,21.0
SEFER-01773,TREN-118,HAT-06,2026-04-14 06:15:00,419,v3.0.0,M-1494,1,yagmurlu,26.1
SEFER-01774,TREN-167,HAT-15,2026-06-10 00:45:00,79,v2.1.0,M-5255,0,,4.1
SEFER-01775,TREN-145,HAT-13,2026-01-05 14:15:00,430,v3.0.0,M-8029,1,Acik,31.5
SEFER-01776,TREN-102,HAT-06,2026-02-02 23:30:00,,v3.0.0,M-6554,1,Sisli,21.9
SEFER-01777,TREN-133,HAT-03,2026-03-16 17:00:00,173,v3.0.0,M-4441,1,yagmurlu,21.0
SEFER-01778,TREN-117,HAT-08,2026-05-05 14:15:00,139,v1.0.4,M-8615,1,,1.6
SEFER-01779,TREN-163,HAT-07,2026-04-14 19:00:00,134,v2.4.1,M-2868,1,Acik,25.1
SEFER-01780,TREN-135,HAT-14,2026-04-05 12:45:00,241,v1.0.4,M-4396,0,Yagmurlu,36.1
SEFER-01781,TREN-124,HAT-01,2026-06-03 14:15:00,341,v2.4.1,M-4020,1,yagmurlu,8.1
SEFER-01782,TREN-135,HAT-08,22.05.2026 16:00,494,v1.0.4,M-4539,0,Acik,6.0
SEFER-01783,TREN-152,HAT-15,2026-02-03 08:45:00,,v2.4.1,M-4248,0,Karli,36.6
SEFER-01784,TREN-124,HAT-07,2026-05-23 18:45:00,242,v3.0.0,M-3619,1,yagmurlu,20.5
SEFER-01785,TREN-157,HAT-07,2026-02-11 11:00:00,66,v2.4.1,M-1997,0,,5.1
SEFER-01786,TREN-145,HAT-10,2026-05-05 14:30:00,427,v2.1.0,M-9081,0,yagmurlu,10.5
SEFER-01787,TREN-170,HAT-14,2026-01-16 02:15:00,248,v3.0.0,M-1974,0,Yagmurlu,12.3
SEFER-01788,TREN-156,HAT-12,2026-03-13 21:45:00,137,v2.4.1,M-6831,0,Sisli,34.9
SEFER-01789,TREN-176,HAT-08,15.02.2026 10:30,308,v3.0.0,M-9112,1,yagmurlu,13.7
SEFER-01790,TREN-153,HAT-14,2026-05-29 21:00:00,390,v2.1.0,M-1761,0,,25.6
SEFER-01791,TREN-124,HAT-13,2026-01-14 12:30:00,466,v1.0.4,M-4689,0,Yagmurlu,17.7
SEFER-01792,TREN-121,HAT-06,2026-06-13 14:15:00,135,v2.4.1,M-6429,1,Yagmurlu,12.4
SEFER-01793,TREN-108,HAT-02,2026-04-16 18:15:00,457,v3.0.0,M-9262,1,,21.5
SEFER-01794,TREN-127,HAT-10,2026-02-03 07:15:00,485,v3.0.0,M-3166,0,Yagmurlu,23.0
SEFER-01795,TREN-169,HAT-01,2026-03-01 10:15:00,453,v1.0.4,M-8279,1,Karli,29.0
SEFER-01796,TREN-177,HAT-07,2026-02-23 16:15:00,174,v3.0.0,M-6062,1,Sisli,20.1
SEFER-01797,TREN-136,HAT-03,2026-01-12 10:00:00,493,v3.0.0,M-6601,0,Karli,25.2
SEFER-01798,TREN-176,HAT-03,2026-02-01 02:45:00,101,v2.1.0,M-7939,1,Sisli,19.7
SEFER-01799,TREN-161,HAT-06,2026-01-27 01:45:00,122,v1.0.4,M-8349,0,,0.3
SEFER-01800,TREN-104,HAT-01,2026-04-08 17:15:00,187,v2.1.0,M-3723,0,Karli,45.8
SEFER-01801,TREN-109,HAT-06,2026-04-29 04:15:00,212,v2.1.0,M-2644,0,Acik,3.2
SEFER-01802,TREN-139,HAT-04,2026-04-24 22:00:00,352,v2.1.0,M-7133,1,Sisli,25.2
SEFER-01803,TREN-117,HAT-03,2026-06-15 22:00:00,469,v1.0.4,M-3954,0,Karli,24.9
SEFER-01804,TREN-139,HAT-13,2026-04-03 21:45:00,374,v2.1.0,M-4841,0,Sisli,32.7
SEFER-01805,TREN-176,HAT-10,2026-04-06 12:45:00,366,v2.4.1,M-8099,1,Acik,1.8
SEFER-01806,TREN-108,HAT-15,2026-03-30 22:30:00,233,v2.1.0,M-6253,1,,7.5
SEFER-01807,TREN-162,HAT-03,11.03.2026 06:15,253,v2.1.0,M-6937,1,Sisli,16.3
SEFER-01808,TREN-128,HAT-14,2026-05-14 09:30:00,349,v2.1.0,M-6740,0,Sisli,26.8
SEFER-01809,TREN-114,HAT-09,2026-02-01 13:30:00,375,v2.4.1,M-8327,0,Sisli,16.8
SEFER-01810,TREN-171,HAT-07,2026-02-02 10:30:00,96,v2.4.1,M-2428,1,Yagmurlu,23.7
SEFER-01811,TREN-173,HAT-10,2026-01-31 02:00:00,385,v3.0.0,M-1651,0,Sisli,20.0
SEFER-01812,TREN-153,HAT-07,2026-01-01 07:30:00,473,v2.1.0,M-4032,0,Acik,42.9
SEFER-01813,TREN-162,HAT-14,18.02.2026 21:00,88,v2.1.0,M-5024,1,Acik,13.4
SEFER-01814,TREN-126,HAT-09,2026-04-16 22:15:00,287,v3.0.0,M-1094,0,Acik,0.9
SEFER-01815,TREN-154,HAT-01,2026-06-09 06:15:00,214,v3.0.0,M-1899,1,Sisli,18.3
SEFER-01816,TREN-156,HAT-14,2026-01-23 09:45:00,415,v2.1.0,M-8586,0,Karli,25.1
SEFER-01817,TREN-126,HAT-05,2026-03-14 13:00:00,125,v2.1.0,M-7723,0,Yagmurlu,19.2
SEFER-01818,TREN-102,HAT-11,2026-06-10 03:30:00,272,v1.0.4,M-7374,1,Karli,16.5
SEFER-01819,TREN-136,HAT-15,2026-05-20 16:30:00,285,v3.0.0,M-9574,1,Yagmurlu,14.2
SEFER-01820,TREN-162,HAT-07,2026-06-02 21:00:00,454,v1.0.4,M-5545,1,Karli,24.3
SEFER-01821,TREN-109,HAT-08,2026-02-26 04:30:00,60,v2.1.0,M-3825,1,Acik,18.1
SEFER-01822,TREN-124,HAT-01,2026-05-31 19:15:00,207,v3.0.0,M-3756,0,Karli,39.8
SEFER-01823,TREN-135,HAT-06,2026-03-15 08:30:00,249,v1.0.4,M-3711,1,yagmurlu,21.0
SEFER-01824,TREN-138,HAT-13,2026-04-02 17:30:00,439,v2.4.1,M-8661,0,Yagmurlu,23.4
SEFER-01825,TREN-126,HAT-09,16.03.2026 07:30,-1,v2.4.1,M-6127,1,yagmurlu,22.1
SEFER-01826,TREN-135,HAT-03,2026-01-16 20:45:00,449,v1.0.4,M-4610,1,yagmurlu,17.2
SEFER-01827,TREN-169,HAT-02,14.02.2026 22:45,381,v2.1.0,M-8464,1,,5.3
SEFER-01828,TREN-136,HAT-04,2026-03-20 06:00:00,327,v2.4.1,M-7809,1,Sisli,33.5
SEFER-01829,TREN-154,HAT-14,2026-03-22 00:15:00,169,v1.0.4,M-7025,1,Sisli,23.1
SEFER-01830,TREN-112,HAT-09,2026-03-05 20:00:00,293,v1.0.4,M-9470,1,,1.8
SEFER-01831,TREN-143,HAT-01,2026-04-30 06:45:00,247,v3.0.0,M-8018,0,Acik,3.4
SEFER-01832,TREN-144,HAT-15,2026-01-07 11:15:00,267,v3.0.0,M-8914,1,yagmurlu,15.1
SEFER-01833,TREN-128,HAT-01,2026-05-20 18:45:00,111,v2.1.0,M-7891,1,yagmurlu,45.0
SEFER-01834,TREN-161,HAT-15,2026-04-09 07:30:00,444,v3.0.0,M-6391,0,yagmurlu,24.0
SEFER-01835,TREN-165,HAT-13,2026-02-26 11:00:00,343,v2.1.0,M-9438,1,Sisli,17.3
SEFER-01836,TREN-152,HAT-01,2026-05-07 20:30:00,484,v2.1.0,M-3277,0,Acik,18.6
SEFER-01837,TREN-159,HAT-01,2026-02-15 00:45:00,329,v3.0.0,M-7402,0,Sisli,26.5
SEFER-01838,TREN-124,HAT-14,2026-01-11 16:00:00,396,v2.1.0,M-9338,0,Acik,6.4
SEFER-01839,TREN-173,HAT-14,2026-04-02 19:15:00,264,v2.1.0,M-4823,1,,13.9
SEFER-01840,TREN-112,HAT-08,2026-05-07 02:00:00,207,v2.4.1,M-3584,0,yagmurlu,11.0
SEFER-01841,TREN-127,HAT-12,2026-04-29 22:15:00,444,v1.0.4,M-2850,1,Yagmurlu,39.6
SEFER-01842,TREN-146,HAT-13,2026-04-07 18:45:00,356,v3.0.0,M-4110,0,Yagmurlu,18.7
SEFER-01843,TREN-148,HAT-05,2026-04-14 21:15:00,337,v2.1.0,M-1889,0,yagmurlu,21.6
SEFER-01844,TREN-110,HAT-08,2026-05-04 22:00:00,52,v2.4.1,M-4633,0,Sisli,25.1
SEFER-01845,TREN-144,HAT-15,2026-04-21 08:00:00,179,v1.0.4,M-6383,0,yagmurlu,43.4
SEFER-01846,TREN-126,HAT-08,2026-05-13 11:00:00,,v2.4.1,M-1696,1,yagmurlu,45.9
SEFER-01847,TREN-107,HAT-04,2026-01-06 13:00:00,489,v2.1.0,M-7793,0,Acik,6.1
SEFER-01848,TREN-138,HAT-14,2026-02-21 07:30:00,,v2.4.1,M-4012,1,Acik,16.1
SEFER-01849,TREN-136,HAT-02,2026-01-14 02:45:00,353,v3.0.0,M-2805,0,,1.2
SEFER-01850,TREN-161,HAT-07,09.03.2026 03:15,,v1.0.4,M-8475,0,Yagmurlu,26.4
SEFER-01851,TREN-123,HAT-15,2026-03-14 03:15:00,193,v3.0.0,M-4012,1,Karli,17.5
SEFER-01852,TREN-143,HAT-09,2026-04-27 09:45:00,55,v2.1.0,M-5886,0,,23.7
SEFER-01853,TREN-148,HAT-04,2026-03-11 20:00:00,129,v2.1.0,M-5362,1,Yagmurlu,14.1
SEFER-01854,TREN-152,HAT-14,2026-05-20 13:00:00,439,v2.4.1,M-4969,1,Sisli,15.0
SEFER-01855,TREN-141,HAT-03,25.05.2026 08:30,407,v3.0.0,M-7016,1,Sisli,28.0
SEFER-01856,TREN-103,HAT-04,2026-05-30 08:45:00,499,v3.0.0,M-9165,0,yagmurlu,25.9
SEFER-01857,TREN-167,HAT-06,2026-02-17 10:45:00,115,v3.0.0,M-9666,1,Yagmurlu,13.6
SEFER-01858,TREN-137,HAT-10,2026-01-13 19:15:00,468,v2.1.0,M-3210,0,Sisli,59.4
SEFER-01859,TREN-133,HAT-03,2026-04-14 11:45:00,338,v3.0.0,M-2190,1,yagmurlu,9.4
SEFER-01860,TREN-173,HAT-10,2026-03-11 21:15:00,362,v2.1.0,M-9981,0,yagmurlu,31.9
SEFER-01861,TREN-128,HAT-06,2026-05-09 12:45:00,313,v2.1.0,M-7097,1,Sisli,27.4
SEFER-01862,TREN-102,HAT-05,2026-01-21 23:15:00,317,v1.0.4,M-6363,0,Karli,37.6
SEFER-01863,TREN-178,HAT-09,2026-05-08 13:15:00,129,v1.0.4,M-5744,1,Yagmurlu,13.1
SEFER-01864,TREN-107,HAT-11,2026-04-23 14:45:00,365,v2.4.1,M-4716,0,,13.7
SEFER-01865,TREN-137,HAT-12,2026-06-09 22:00:00,154,v2.1.0,M-9905,1,yagmurlu,24.7
SEFER-01866,TREN-117,HAT-01,2026-04-12 04:45:00,246,v2.1.0,M-5863,0,Karli,16.7
SEFER-01867,TREN-143,HAT-10,15.06.2026 17:15,222,v3.0.0,M-8014,0,Yagmurlu,18.3
SEFER-01868,TREN-180,HAT-05,2026-04-06 14:45:00,473,v1.0.4,M-7062,1,yagmurlu,33.4
SEFER-01869,TREN-169,HAT-03,31.05.2026 07:00,175,v3.0.0,M-7701,0,,37.4
SEFER-01870,TREN-168,HAT-07,2026-04-08 20:30:00,441,v2.4.1,M-1110,1,,24.7
SEFER-01871,TREN-132,HAT-13,2026-06-10 13:30:00,133,v2.1.0,M-8899,1,Karli,17.6
SEFER-01872,TREN-152,HAT-02,2026-01-03 10:00:00,378,v2.4.1,M-2017,0,Yagmurlu,8.8
SEFER-01873,TREN-154,HAT-02,2026-05-10 13:15:00,220,v1.0.4,M-4248,1,yagmurlu,21.6
SEFER-01874,TREN-125,HAT-04,2026-03-20 16:00:00,464,v3.0.0,M-5695,0,Karli,34.1
SEFER-01875,TREN-135,HAT-08,2026-03-15 20:00:00,262,v1.0.4,M-1084,1,Yagmurlu,22.9
SEFER-01876,TREN-153,HAT-06,2026-01-14 06:00:00,402,v1.0.4,M-8918,0,yagmurlu,27.2
SEFER-01877,TREN-122,HAT-14,03.04.2026 02:30,148,v2.4.1,M-9337,0,Karli,15.4
SEFER-01878,TREN-145,HAT-06,2026-04-04 04:00:00,214,v3.0.0,M-6992,0,Sisli,18.0
SEFER-01879,TREN-178,HAT-11,21.01.2026 05:45,292,v2.1.0,M-1206,1,Acik,-999.0
SEFER-01880,TREN-141,HAT-15,2026-02-23 10:00:00,439,v2.1.0,M-3919,0,Yagmurlu,17.3
SEFER-01881,TREN-170,HAT-01,2026-04-27 11:15:00,132,v2.4.1,M-9912,1,,13.1
SEFER-01882,TREN-136,HAT-11,2026-06-16 03:00:00,56,v2.4.1,M-2483,1,Yagmurlu,13.0
SEFER-01883,TREN-137,HAT-12,2026-03-16 21:15:00,225,v2.1.0,M-8674,1,,5.4
SEFER-01884,TREN-134,HAT-14,2026-01-04 18:00:00,299,v3.0.0,M-1697,0,Acik,17.0
SEFER-01885,TREN-106,HAT-11,2026-05-03 09:00:00,326,v2.4.1,M-4643,0,,27.3
SEFER-01886,TREN-112,HAT-04,2026-04-27 10:15:00,99,v1.0.4,M-6618,0,Karli,22.7
SEFER-01887,TREN-152,HAT-04,2026-02-02 01:00:00,66,v2.1.0,M-3404,0,Karli,66.5
SEFER-01888,TREN-141,HAT-04,2026-04-13 18:45:00,189,v1.0.4,M-9713,0,Karli,37.4
SEFER-01889,TREN-126,HAT-02,2026-03-17 23:00:00,471,v2.4.1,M-7901,1,yagmurlu,16.5
SEFER-01890,TREN-150,HAT-07,2026-01-23 19:45:00,438,v2.1.0,M-1222,0,yagmurlu,-999.0
SEFER-01891,TREN-150,HAT-02,07.05.2026 12:30,466,v3.0.0,M-9469,1,yagmurlu,-999.0
SEFER-01892,TREN-107,HAT-06,2026-06-08 15:00:00,,v2.4.1,M-1721,0,Sisli,17.7
SEFER-01893,TREN-168,HAT-15,2026-04-20 15:00:00,478,v1.0.4,M-4544,0,Acik,9.8
SEFER-01894,TREN-176,HAT-02,2026-01-29 09:00:00,64,v2.4.1,M-6553,0,Yagmurlu,22.5
SEFER-01895,TREN-126,HAT-13,2026-06-11 03:45:00,406,v2.1.0,M-7429,0,yagmurlu,12.6
SEFER-01896,TREN-107,HAT-10,03.05.2026 13:45,287,v2.4.1,M-6270,1,Karli,39.9
SEFER-01897,TREN-135,HAT-11,12.04.2026 00:15,335,v2.4.1,M-4688,0,yagmurlu,11.3
SEFER-01898,TREN-116,HAT-09,2026-01-04 00:00:00,228,v2.4.1,M-6409,1,,4.3
SEFER-01899,TREN-152,HAT-03,2026-05-29 05:15:00,126,v2.4.1,M-7674,1,Acik,6.8
SEFER-01900,TREN-102,HAT-04,2026-06-15 17:45:00,121,v1.0.4,M-5855,1,Karli,32.8
SEFER-01901,TREN-120,HAT-13,14.03.2026 04:45,459,v1.0.4,M-7135,0,Acik,4.6
SEFER-01902,TREN-101,HAT-02,2026-03-17 13:15:00,96,v3.0.0,M-1884,1,Sisli,21.9
SEFER-01903,TREN-168,HAT-08,2026-04-08 21:00:00,204,v2.4.1,M-8247,1,Acik,2.3
SEFER-01904,TREN-108,HAT-12,2026-03-06 07:30:00,99,v3.0.0,M-1891,1,,26.7
SEFER-01905,TREN-159,HAT-02,2026-04-08 23:00:00,376,v2.4.1,M-7629,0,yagmurlu,15.6
SEFER-01906,TREN-155,HAT-06,2026-03-08 12:00:00,215,v3.0.0,M-7487,0,,9.3
SEFER-01907,TREN-148,HAT-11,2026-03-22 05:00:00,431,v1.0.4,M-9881,1,,6.5
SEFER-01908,TREN-132,HAT-14,2026-01-02 06:00:00,358,v2.1.0,M-3353,1,Karli,20.7
SEFER-01909,TREN-128,HAT-13,2026-04-27 17:15:00,257,v2.1.0,M-6278,0,Karli,28.0
SEFER-01910,TREN-121,HAT-14,2026-03-09 15:45:00,384,v2.1.0,M-3612,0,Yagmurlu,11.0
SEFER-01911,TREN-169,HAT-14,27.02.2026 23:15,143,v1.0.4,M-2069,1,Acik,8.6
SEFER-01912,TREN-179,HAT-04,2026-02-09 03:15:00,158,v2.1.0,M-1148,1,Karli,21.8
SEFER-01913,TREN-143,HAT-14,2026-02-25 01:00:00,225,v3.0.0,M-6301,1,Yagmurlu,30.7
SEFER-01914,TREN-173,HAT-12,2026-04-15 05:00:00,113,v2.4.1,M-5028,0,Acik,0.0
SEFER-01915,TREN-120,HAT-03,2026-05-13 06:45:00,127,v2.1.0,M-4338,0,Yagmurlu,14.8
SEFER-01916,TREN-154,HAT-15,2026-05-05 03:00:00,202,v3.0.0,M-1056,0,,6.5
SEFER-01917,TREN-172,HAT-06,2026-01-10 04:15:00,,v2.4.1,M-3216,1,yagmurlu,11.8
SEFER-01918,TREN-111,HAT-12,2026-05-21 21:00:00,202,v2.4.1,M-1303,1,,0.6
SEFER-01919,TREN-161,HAT-13,2026-05-10 17:30:00,265,v3.0.0,M-3619,0,Yagmurlu,22.6
SEFER-01920,TREN-106,HAT-04,2026-05-01 20:45:00,232,v3.0.0,M-5298,1,,18.8
SEFER-01921,TREN-110,HAT-05,2026-04-09 03:45:00,380,v2.1.0,M-8936,1,yagmurlu,10.3
SEFER-01922,TREN-177,HAT-13,2026-01-14 10:30:00,268,v2.4.1,M-6137,0,Acik,8.9
SEFER-01923,TREN-137,HAT-10,2026-05-01 02:15:00,496,v2.1.0,M-5214,1,Sisli,18.5
SEFER-01924,TREN-113,HAT-03,2026-01-18 11:15:00,500,v1.0.4,M-6399,1,yagmurlu,24.4
SEFER-01925,TREN-172,HAT-15,2026-02-28 04:15:00,-5,v2.1.0,M-3252,0,Yagmurlu,19.6
SEFER-01926,TREN-176,HAT-09,2026-05-01 06:30:00,473,v3.0.0,M-9257,1,,1.8
SEFER-01927,TREN-109,HAT-14,2026-03-29 20:15:00,280,v1.0.4,M-6403,1,yagmurlu,18.3
SEFER-01928,TREN-109,HAT-07,2026-03-31 08:00:00,424,v2.4.1,M-7566,1,Yagmurlu,30.0
SEFER-01929,TREN-160,HAT-12,2026-04-09 09:30:00,216,v2.4.1,M-7337,0,yagmurlu,23.6
SEFER-01930,TREN-170,HAT-04,2026-06-15 23:00:00,277,v1.0.4,M-9896,0,Yagmurlu,10.2
SEFER-01931,TREN-174,HAT-15,25.01.2026 06:45,53,v2.4.1,M-8366,1,Acik,5.4
SEFER-01932,TREN-136,HAT-06,2026-03-27 10:45:00,233,v2.1.0,M-5174,1,Sisli,19.3
SEFER-01933,TREN-156,HAT-05,02.01.2026 05:00,222,v2.1.0,M-5770,0,yagmurlu,23.5
SEFER-01934,TREN-146,HAT-02,2026-03-13 00:45:00,128,v2.4.1,M-2125,1,Yagmurlu,30.2
SEFER-01935,TREN-138,HAT-01,2026-01-25 18:15:00,323,v2.4.1,M-8699,0,Sisli,25.2
SEFER-01936,TREN-109,HAT-08,2026-01-04 15:15:00,,v2.1.0,M-4476,1,yagmurlu,11.5
SEFER-01937,TREN-108,HAT-03,2026-01-08 23:30:00,426,v2.4.1,M-2133,0,yagmurlu,10.5
SEFER-01938,TREN-135,HAT-11,2026-04-09 23:00:00,83,v3.0.0,M-3210,1,yagmurlu,14.5
SEFER-01939,TREN-144,HAT-03,2026-04-06 00:30:00,362,v1.0.4,M-8602,0,Karli,22.5
SEFER-01940,TREN-146,HAT-13,2026-05-12 16:45:00,310,v2.1.0,M-5115,0,Acik,8.5
SEFER-01941,TREN-144,HAT-10,2026-05-22 15:00:00,50,v2.1.0,M-1725,0,Yagmurlu,20.6
SEFER-01942,TREN-112,HAT-06,2026-06-05 18:15:00,480,v2.1.0,M-1669,0,Acik,16.3
SEFER-01943,TREN-113,HAT-10,2026-05-08 05:45:00,322,v1.0.4,M-6058,0,Sisli,21.2
SEFER-01944,TREN-166,HAT-15,2026-03-14 20:30:00,419,v2.1.0,M-6242,1,Yagmurlu,10.2
SEFER-01945,TREN-166,HAT-13,2026-06-10 06:30:00,175,v3.0.0,M-1510,1,,14.5
SEFER-01946,TREN-171,HAT-07,2026-05-03 12:30:00,296,v3.0.0,M-4153,0,Karli,41.3
SEFER-01947,TREN-150,HAT-07,2026-02-01 06:15:00,398,v1.0.4,M-8679,0,Acik,4.6
SEFER-01948,TREN-138,HAT-13,2026-01-26 06:45:00,338,v1.0.4,M-7887,0,Karli,20.3
SEFER-01949,TREN-131,HAT-03,2026-03-20 18:15:00,280,v2.1.0,M-3805,0,yagmurlu,25.0
SEFER-01950,TREN-161,HAT-11,22.05.2026 11:00,440,v3.0.0,M-1911,1,Sisli,18.8
SEFER-01951,TREN-160,HAT-08,2026-04-10 09:30:00,455,v2.1.0,M-9598,0,Sisli,30.5
SEFER-01952,TREN-170,HAT-09,2026-04-17 19:00:00,286,v2.4.1,M-9095,0,yagmurlu,18.7
SEFER-01953,TREN-172,HAT-10,2026-02-21 21:30:00,414,v2.1.0,M-9282,1,,5.0
SEFER-01954,TREN-171,HAT-09,2026-03-17 21:45:00,,v3.0.0,M-2298,0,Yagmurlu,40.1
SEFER-01955,TREN-131,HAT-10,2026-03-10 08:00:00,452,v2.4.1,M-2445,0,,19.2
SEFER-01956,TREN-120,HAT-15,2026-04-08 00:45:00,100,v1.0.4,M-9002,0,yagmurlu,22.6
SEFER-01957,TREN-152,HAT-07,2026-05-03 07:00:00,,v2.1.0,M-3358,1,yagmurlu,19.4
SEFER-01958,TREN-171,HAT-10,2026-06-02 17:15:00,311,v2.4.1,M-8440,0,,36.5
SEFER-01959,TREN-132,HAT-12,2026-02-24 05:00:00,311,v2.1.0,M-4129,1,yagmurlu,13.3
SEFER-01960,TREN-146,HAT-12,2026-03-18 09:00:00,428,v2.1.0,M-2640,1,Acik,24.5
SEFER-01961,TREN-143,HAT-06,2026-04-19 03:00:00,275,v1.0.4,M-9598,1,,23.5
SEFER-01962,TREN-180,HAT-10,2026-04-26 12:15:00,193,v2.1.0,M-2714,0,Karli,15.5
SEFER-01963,TREN-140,HAT-02,2026-02-22 21:45:00,409,v2.4.1,M-1806,0,Acik,14.0
SEFER-01964,TREN-152,HAT-09,2026-03-18 00:00:00,469,v3.0.0,M-8378,1,yagmurlu,17.2
SEFER-01965,TREN-169,HAT-01,2026-05-30 08:15:00,461,v2.4.1,M-5315,1,,13.1
SEFER-01966,TREN-161,HAT-10,19.05.2026 12:30,168,v2.4.1,M-1354,0,Sisli,27.9
SEFER-01967,TREN-156,HAT-04,2026-06-10 06:15:00,438,v1.0.4,M-6817,1,Sisli,22.1
SEFER-01968,TREN-147,HAT-08,2026-05-01 19:15:00,125,v3.0.0,M-4414,0,,15.8
SEFER-01969,TREN-118,HAT-10,2026-05-22 21:00:00,411,v2.1.0,M-4713,0,,3.6
SEFER-01970,TREN-139,HAT-02,06.03.2026 09:30,428,v3.0.0,M-1392,1,Karli,32.7
SEFER-01971,TREN-127,HAT-05,2026-02-20 00:45:00,249,v2.4.1,M-9925,1,Yagmurlu,21.0
SEFER-01972,TREN-111,HAT-15,2026-04-18 06:45:00,362,v2.4.1,M-1215,0,Acik,5.5
SEFER-01973,TREN-122,HAT-02,2026-03-29 21:00:00,380,v2.4.1,M-5480,1,Karli,37.2
SEFER-01974,TREN-150,HAT-12,2026-06-02 00:00:00,337,v2.4.1,M-1423,0,Yagmurlu,19.8
SEFER-01975,TREN-176,HAT-13,2026-05-03 22:15:00,376,v1.0.4,M-3483,1,Yagmurlu,43.4
SEFER-01976,TREN-145,HAT-15,2026-05-09 02:00:00,246,v2.1.0,M-7809,1,,17.1
SEFER-01977,TREN-158,HAT-08,2026-01-22 06:45:00,89,v3.0.0,M-4940,1,Acik,1.5
SEFER-01978,TREN-123,HAT-13,2026-06-12 09:00:00,115,v2.4.1,M-9916,0,Yagmurlu,29.4
SEFER-01979,TREN-110,HAT-15,2026-02-05 21:45:00,265,v1.0.4,M-8771,1,Sisli,19.4
SEFER-01980,TREN-179,HAT-02,2026-02-26 03:15:00,256,v2.1.0,M-4461,0,Acik,3.2
SEFER-01981,TREN-145,HAT-02,2026-03-20 09:30:00,272,v1.0.4,M-2802,1,Karli,26.5
SEFER-01982,TREN-132,HAT-08,2026-05-09 12:15:00,,v3.0.0,M-6486,1,yagmurlu,23.2
SEFER-01983,TREN-175,HAT-13,2026-01-28 04:15:00,485,v1.0.4,M-1431,0,Karli,31.7
SEFER-01984,TREN-171,HAT-06,2026-01-01 16:15:00,82,v2.4.1,M-5727,1,,12.8
SEFER-01985,TREN-171,HAT-07,2026-03-24 08:15:00,167,v2.1.0,M-4824,0,yagmurlu,18.0
SEFER-01986,TREN-133,HAT-15,2026-03-03 21:30:00,92,v2.1.0,M-3438,1,Karli,26.6
SEFER-01987,TREN-112,HAT-02,2026-02-14 17:45:00,471,v1.0.4,M-5743,0,Karli,27.4
SEFER-01988,TREN-175,HAT-06,2026-02-18 23:15:00,267,v2.4.1,M-9225,0,Acik,7.2
SEFER-01989,TREN-108,HAT-02,2026-05-04 15:45:00,155,v1.0.4,M-5098,0,yagmurlu,8.9
SEFER-01990,TREN-156,HAT-08,2026-04-02 12:45:00,459,v3.0.0,M-2594,0,Acik,6.7
SEFER-01991,TREN-179,HAT-11,2026-03-11 10:30:00,439,v1.0.4,M-3339,1,Sisli,33.3
SEFER-01992,TREN-175,HAT-11,2026-02-04 00:15:00,240,v1.0.4,M-7623,0,Karli,17.0
SEFER-01993,TREN-107,HAT-03,2026-02-03 13:00:00,497,v2.4.1,M-1309,1,Karli,52.6
SEFER-01994,TREN-118,HAT-03,19.02.2026 10:00,63,v2.4.1,M-2235,1,Sisli,20.3
SEFER-01995,TREN-141,HAT-12,11.04.2026 17:15,255,v2.1.0,M-3109,0,Sisli,47.3
SEFER-01996,TREN-118,HAT-05,2026-01-07 15:00:00,350,v2.4.1,M-7189,0,Yagmurlu,10.0
SEFER-01997,TREN-104,HAT-02,2026-06-14 05:00:00,156,v1.0.4,M-4152,0,Karli,22.6
SEFER-01998,TREN-123,HAT-06,2026-02-01 05:45:00,159,v2.4.1,M-7745,1,Yagmurlu,10.8
SEFER-01999,TREN-143,HAT-03,2026-02-07 05:30:00,445,v1.0.4,M-3838,1,Karli,24.4
SEFER-02000,TREN-175,HAT-09,2026-03-15 15:45:00,77,v2.1.0,M-8164,1,,16.6
SEFER-02001,TREN-161,HAT-11,2026-06-04 16:15:00,376,v2.1.0,M-6836,1,,4.5
SEFER-02002,TREN-112,HAT-06,2026-04-28 17:15:00,256,v1.0.4,M-5382,1,Karli,41.8
SEFER-02003,TREN-150,HAT-03,2026-03-05 08:15:00,367,v3.0.0,M-7053,0,Sisli,30.4
SEFER-02004,TREN-132,HAT-07,2026-05-26 03:30:00,448,v2.4.1,M-4822,1,Karli,40.7
SEFER-02005,TREN-127,HAT-09,2026-04-10 07:45:00,442,v2.1.0,M-3524,1,yagmurlu,26.0
SEFER-02006,TREN-126,HAT-15,2026-06-05 16:45:00,202,v3.0.0,M-7854,0,Acik,4.1
SEFER-02007,TREN-171,HAT-15,2026-02-08 13:30:00,196,v3.0.0,M-5036,0,Sisli,23.0
SEFER-02008,TREN-153,HAT-13,2026-01-18 12:45:00,339,v1.0.4,M-7803,0,Sisli,23.9
SEFER-02009,TREN-146,HAT-14,2026-02-08 13:00:00,313,v1.0.4,M-5011,0,,2.2
SEFER-02010,TREN-164,HAT-13,2026-02-05 18:45:00,,v1.0.4,M-2563,1,,11.8
SEFER-02011,TREN-169,HAT-10,2026-03-14 13:45:00,59,v2.4.1,M-4407,0,yagmurlu,30.7
SEFER-02012,TREN-117,HAT-02,2026-02-18 23:45:00,202,v2.4.1,M-3361,0,Sisli,20.1
SEFER-02013,TREN-150,HAT-14,2026-05-01 03:30:00,467,v2.4.1,M-1185,0,Yagmurlu,17.1
SEFER-02014,TREN-151,HAT-14,2026-04-08 23:30:00,391,v3.0.0,M-5786,1,Acik,2.0
SEFER-02015,TREN-112,HAT-10,2026-03-12 05:45:00,,v2.4.1,M-4615,0,,22.0
SEFER-02016,TREN-105,HAT-02,2026-06-13 09:45:00,445,v2.1.0,M-5458,0,yagmurlu,18.3
SEFER-02017,TREN-111,HAT-04,2026-02-08 21:15:00,293,v2.1.0,M-5483,0,,5.4
SEFER-02018,TREN-137,HAT-01,22.05.2026 03:30,,v2.1.0,M-1617,0,Acik,20.0
SEFER-02019,TREN-133,HAT-15,2026-04-04 03:00:00,-19,v1.0.4,M-1408,0,yagmurlu,18.6
SEFER-02020,TREN-140,HAT-11,2026-06-03 16:15:00,,v3.0.0,M-2950,1,yagmurlu,16.3
SEFER-02021,TREN-170,HAT-01,2026-05-08 21:00:00,176,v2.1.0,M-5224,1,Karli,16.6
SEFER-02022,TREN-139,HAT-09,2026-02-14 19:15:00,151,v1.0.4,M-8957,0,Acik,15.5
SEFER-02023,TREN-127,HAT-15,04.04.2026 00:45,296,v3.0.0,M-2900,0,Acik,19.3
SEFER-02024,TREN-118,HAT-13,2026-05-01 15:00:00,483,v3.0.0,M-1070,0,Acik,56.2
SEFER-02025,TREN-167,HAT-09,2026-05-18 07:00:00,480,v2.4.1,M-3239,1,yagmurlu,24.2
SEFER-02026,TREN-110,HAT-13,2026-06-08 20:15:00,311,v3.0.0,M-4072,0,Karli,21.8
SEFER-02027,TREN-131,HAT-09,15.05.2026 20:00,204,v3.0.0,M-3000,1,yagmurlu,43.3
SEFER-02028,TREN-122,HAT-04,2026-04-20 17:15:00,74,v2.4.1,M-4568,1,Acik,22.4
SEFER-02029,TREN-107,HAT-07,2026-04-13 02:45:00,84,v2.4.1,M-3739,1,Sisli,22.9
SEFER-02030,TREN-123,HAT-13,2026-04-23 04:45:00,51,v1.0.4,M-8643,1,Yagmurlu,18.0
SEFER-02031,TREN-167,HAT-09,2026-06-06 09:30:00,309,v1.0.4,M-1501,1,yagmurlu,58.2
SEFER-02032,TREN-114,HAT-10,2026-04-18 13:30:00,389,v2.4.1,M-3386,0,Sisli,17.3
SEFER-02033,TREN-158,HAT-11,2026-05-04 21:00:00,118,v2.4.1,M-7271,0,,4.5
SEFER-02034,TREN-161,HAT-01,24.04.2026 11:00,384,v3.0.0,M-9343,1,Karli,16.2
SEFER-02035,TREN-124,HAT-05,2026-01-08 03:45:00,52,v3.0.0,M-7703,0,Acik,34.6
SEFER-02036,TREN-135,HAT-13,2026-05-10 21:00:00,53,v1.0.4,M-2994,1,Sisli,20.2
SEFER-02037,TREN-121,HAT-03,2026-02-09 09:15:00,334,v3.0.0,M-6353,0,Yagmurlu,21.3
SEFER-02038,TREN-168,HAT-04,03.03.2026 08:30,69,v1.0.4,M-4738,1,,23.9
SEFER-02039,TREN-114,HAT-12,2026-01-20 22:15:00,,v3.0.0,M-3385,0,Karli,17.2
SEFER-02040,TREN-168,HAT-10,2026-01-23 15:00:00,110,v3.0.0,M-1670,1,,12.0
SEFER-02041,TREN-168,HAT-04,2026-01-06 05:15:00,-5,v2.4.1,M-6397,0,Acik,22.5
SEFER-02042,TREN-139,HAT-02,2026-04-15 21:30:00,440,v2.4.1,M-5717,1,yagmurlu,22.3
SEFER-02043,TREN-172,HAT-07,2026-05-17 18:45:00,115,v2.1.0,M-1369,1,yagmurlu,18.4
SEFER-02044,TREN-129,HAT-13,2026-03-01 00:45:00,413,v1.0.4,M-3390,0,Acik,11.2
SEFER-02045,TREN-129,HAT-14,2026-04-24 00:45:00,172,v2.4.1,M-6438,1,,5.1
SEFER-02046,TREN-145,HAT-15,2026-03-26 09:30:00,443,v1.0.4,M-7866,1,Acik,17.9
SEFER-02047,TREN-173,HAT-11,2026-01-09 14:30:00,361,v1.0.4,M-7365,1,yagmurlu,13.6
SEFER-02048,TREN-154,HAT-08,2026-02-11 07:15:00,277,v3.0.0,M-7789,0,Acik,10.9
SEFER-02049,TREN-129,HAT-07,2026-04-24 13:00:00,79,v2.4.1,M-4185,1,Yagmurlu,12.4
SEFER-02050,TREN-152,HAT-10,2026-04-16 00:15:00,201,v3.0.0,M-3954,1,Karli,18.6
SEFER-02051,TREN-102,HAT-09,2026-02-18 09:15:00,178,v1.0.4,M-5487,0,Yagmurlu,20.4
SEFER-02052,TREN-159,HAT-12,2026-01-22 18:30:00,176,v2.4.1,M-6166,1,Sisli,34.2
SEFER-02053,TREN-137,HAT-14,2026-06-13 12:00:00,338,v2.4.1,M-8408,0,Sisli,15.2
SEFER-02054,TREN-131,HAT-13,2026-02-06 14:15:00,223,v2.1.0,M-2352,1,,9.2
SEFER-02055,TREN-169,HAT-15,2026-05-19 13:15:00,193,v3.0.0,M-7427,0,Acik,24.3
SEFER-02056,TREN-180,HAT-10,2026-01-16 17:45:00,130,v2.4.1,M-2425,1,yagmurlu,19.5
SEFER-02057,TREN-160,HAT-09,2026-06-08 13:15:00,173,v2.1.0,M-8779,0,yagmurlu,9.9
SEFER-02058,TREN-151,HAT-04,2026-01-22 18:30:00,112,v2.4.1,M-9710,1,Yagmurlu,26.8
SEFER-02059,TREN-101,HAT-03,2026-01-27 01:00:00,74,v2.1.0,M-7122,0,Acik,8.6
SEFER-02060,TREN-163,HAT-10,2026-03-25 09:00:00,-42,v2.4.1,M-8049,0,Acik,12.0
SEFER-02061,TREN-149,HAT-03,2026-02-01 16:30:00,193,v2.4.1,M-6798,1,,6.8
SEFER-02062,TREN-101,HAT-12,2026-03-18 23:15:00,449,v2.1.0,M-4839,0,Karli,28.0
SEFER-02063,TREN-150,HAT-11,2026-04-18 08:45:00,443,v3.0.0,M-5717,0,Acik,13.4
SEFER-02064,TREN-157,HAT-01,2026-05-14 18:00:00,230,v1.0.4,M-2315,1,Yagmurlu,29.3
SEFER-02065,TREN-164,HAT-07,2026-06-15 15:45:00,226,v3.0.0,M-2096,0,Yagmurlu,18.8
SEFER-02066,TREN-104,HAT-13,2026-04-09 11:15:00,381,v1.0.4,M-1980,0,Karli,21.5
SEFER-02067,TREN-117,HAT-04,2026-01-13 01:00:00,398,v3.0.0,M-8005,0,Sisli,15.2
SEFER-02068,TREN-143,HAT-04,2026-01-24 08:15:00,326,v2.1.0,M-7202,1,Karli,33.8
SEFER-02069,TREN-166,HAT-06,2026-03-12 22:15:00,196,v1.0.4,M-1473,0,Yagmurlu,17.3
SEFER-02070,TREN-159,HAT-14,2026-02-27 16:15:00,406,v1.0.4,M-4394,0,Yagmurlu,28.7
SEFER-02071,TREN-134,HAT-07,2026-03-01 01:45:00,295,v2.1.0,M-9141,1,yagmurlu,20.5
SEFER-02072,TREN-144,HAT-10,2026-01-13 11:30:00,121,v1.0.4,M-7354,1,Acik,1.0
SEFER-02073,TREN-121,HAT-12,2026-03-15 06:45:00,493,v2.1.0,M-8992,0,Yagmurlu,28.5
SEFER-02074,TREN-136,HAT-06,2026-06-11 04:30:00,177,v3.0.0,M-6144,1,Sisli,45.0
SEFER-02075,TREN-179,HAT-08,2026-03-12 08:30:00,351,v2.4.1,M-7022,0,Sisli,26.7
SEFER-02076,TREN-103,HAT-05,2026-03-11 16:15:00,346,v3.0.0,M-9746,1,Yagmurlu,43.3
SEFER-02077,TREN-115,HAT-03,2026-05-20 22:00:00,434,v2.1.0,M-4791,1,Sisli,35.9
SEFER-02078,TREN-103,HAT-10,2026-03-17 11:15:00,493,v2.4.1,M-8161,1,Yagmurlu,8.8
SEFER-02079,TREN-101,HAT-03,2026-01-26 09:15:00,331,v1.0.4,M-5700,1,,37.3
SEFER-02080,TREN-164,HAT-12,2026-04-08 01:45:00,109,v3.0.0,M-1396,0,yagmurlu,11.4
SEFER-02081,TREN-130,HAT-11,15.04.2026 12:15,398,v2.1.0,M-1919,1,Yagmurlu,22.9
SEFER-02082,TREN-141,HAT-02,2026-05-03 17:45:00,277,v2.1.0,M-3303,1,Acik,15.0
SEFER-02083,TREN-126,HAT-01,2026-01-20 12:00:00,472,v1.0.4,M-9486,1,Yagmurlu,8.3
SEFER-02084,TREN-165,HAT-15,2026-02-16 01:15:00,495,v2.1.0,M-7928,1,yagmurlu,10.3
SEFER-02085,TREN-174,HAT-07,2026-01-05 03:15:00,359,v1.0.4,M-4388,1,Sisli,21.9
SEFER-02086,TREN-102,HAT-14,2026-02-27 12:30:00,272,v2.4.1,M-7869,1,yagmurlu,9.4
SEFER-02087,TREN-173,HAT-12,2026-05-23 13:00:00,183,v2.1.0,M-7130,0,yagmurlu,12.6
SEFER-02088,TREN-101,HAT-02,2026-01-19 17:30:00,226,v1.0.4,M-9861,0,yagmurlu,30.6
SEFER-02089,TREN-128,HAT-09,2026-05-06 11:00:00,81,v2.4.1,M-7646,1,Karli,15.6
SEFER-02090,TREN-166,HAT-06,2026-01-14 04:15:00,374,v2.1.0,M-8820,1,,1.1
SEFER-02091,TREN-159,HAT-06,2026-03-02 08:00:00,56,v2.4.1,M-7249,1,Acik,35.5
SEFER-02092,TREN-158,HAT-02,2026-03-25 08:45:00,,v1.0.4,M-7632,0,yagmurlu,18.4
SEFER-02093,TREN-162,HAT-12,18.01.2026 19:45,249,v3.0.0,M-2848,0,Sisli,64.6
SEFER-02094,TREN-173,HAT-10,2026-03-22 11:45:00,414,v3.0.0,M-2075,1,yagmurlu,10.3
SEFER-02095,TREN-106,HAT-12,2026-02-25 00:00:00,156,v1.0.4,M-6697,1,Karli,17.1
SEFER-02096,TREN-142,HAT-08,2026-05-01 16:15:00,172,v2.1.0,M-5625,0,Yagmurlu,16.6
SEFER-02097,TREN-150,HAT-07,23.04.2026 19:15,408,v2.4.1,M-9837,1,Sisli,29.1
SEFER-02098,TREN-155,HAT-07,2026-04-04 18:45:00,467,v2.4.1,M-4350,0,Yagmurlu,18.1
SEFER-02099,TREN-160,HAT-03,2026-03-23 23:45:00,381,v2.4.1,M-2003,0,Yagmurlu,10.9
SEFER-02100,TREN-141,HAT-03,2026-05-30 13:30:00,172,v2.1.0,M-1125,1,Acik,16.3
SEFER-02101,TREN-117,HAT-15,2026-05-04 11:00:00,164,v3.0.0,M-8784,1,yagmurlu,28.0
SEFER-02102,TREN-159,HAT-15,2026-05-08 17:00:00,199,v3.0.0,M-9256,1,Yagmurlu,21.8
SEFER-02103,TREN-126,HAT-01,14.05.2026 09:00,124,v2.4.1,M-3307,0,Acik,10.5
SEFER-02104,TREN-138,HAT-11,2026-02-19 18:45:00,76,v3.0.0,M-8694,0,Karli,38.4
SEFER-02105,TREN-180,HAT-14,2026-06-08 14:45:00,348,v3.0.0,M-6732,1,,6.4
SEFER-02106,TREN-152,HAT-13,2026-03-19 22:45:00,420,v2.1.0,M-5711,1,,4.7
SEFER-02107,TREN-103,HAT-01,2026-04-16 05:30:00,479,v3.0.0,M-6972,0,Karli,44.0
SEFER-02108,TREN-159,HAT-10,2026-02-04 10:15:00,88,v1.0.4,M-8514,0,Karli,17.8
SEFER-02109,TREN-147,HAT-12,2026-02-18 19:45:00,440,v1.0.4,M-2353,1,Acik,14.1
SEFER-02110,TREN-105,HAT-12,01.05.2026 01:00,474,v1.0.4,M-3204,1,Yagmurlu,13.4
SEFER-02111,TREN-145,HAT-09,2026-04-08 20:15:00,222,v2.1.0,M-4615,1,yagmurlu,14.1
SEFER-02112,TREN-137,HAT-09,2026-03-27 15:15:00,357,v3.0.0,M-2495,1,Yagmurlu,9.1
SEFER-02113,TREN-150,HAT-04,2026-06-15 20:45:00,195,v1.0.4,M-4402,0,,17.8
SEFER-02114,TREN-164,HAT-12,2026-01-24 22:45:00,315,v2.4.1,M-3727,1,Yagmurlu,11.7
SEFER-02115,TREN-117,HAT-05,2026-01-01 16:00:00,426,v3.0.0,M-1813,0,,10.7
SEFER-02116,TREN-139,HAT-11,2026-05-08 14:45:00,351,v2.1.0,M-3346,1,Acik,8.2
SEFER-02117,TREN-115,HAT-07,2026-06-13 03:15:00,406,v3.0.0,M-4556,1,,2.2
SEFER-02118,TREN-177,HAT-12,2026-05-11 09:15:00,79,v2.1.0,M-2080,1,Acik,22.8
SEFER-02119,TREN-167,HAT-02,2026-05-05 08:00:00,471,v2.1.0,M-6503,1,yagmurlu,52.2
SEFER-02120,TREN-109,HAT-06,2026-04-04 01:15:00,,v2.1.0,M-8266,1,,2.6
SEFER-02121,TREN-155,HAT-02,2026-02-11 15:45:00,379,v2.1.0,M-3246,1,Acik,7.2
SEFER-02122,TREN-167,HAT-02,2026-03-01 18:30:00,181,v2.1.0,M-2206,0,Sisli,43.8
SEFER-02123,TREN-105,HAT-06,2026-04-27 10:15:00,54,v3.0.0,M-9254,1,yagmurlu,13.7
SEFER-02124,TREN-118,HAT-02,2026-04-06 10:00:00,266,v2.4.1,M-1471,0,yagmurlu,10.6
SEFER-02125,TREN-152,HAT-13,2026-03-25 03:45:00,310,v2.1.0,M-9696,0,Sisli,21.5
SEFER-02126,TREN-153,HAT-15,2026-02-10 13:45:00,391,v3.0.0,M-3645,1,Karli,15.2
SEFER-02127,TREN-152,HAT-03,2026-04-12 07:15:00,277,v2.1.0,M-8332,1,yagmurlu,35.8
SEFER-02128,TREN-111,HAT-07,2026-05-20 16:30:00,378,v1.0.4,M-8598,1,yagmurlu,19.3
SEFER-02129,TREN-175,HAT-10,2026-02-11 12:30:00,215,v2.1.0,M-8107,1,Karli,24.7
SEFER-02130,TREN-178,HAT-14,2026-03-26 21:45:00,146,v1.0.4,M-6195,0,yagmurlu,12.6
SEFER-02131,TREN-110,HAT-15,2026-05-02 12:30:00,449,v2.1.0,M-2146,0,Sisli,19.0
SEFER-02132,TREN-176,HAT-14,2026-03-02 09:45:00,322,v2.4.1,M-9611,1,Sisli,25.8
SEFER-02133,TREN-106,HAT-01,2026-05-30 05:30:00,-39,v2.1.0,M-9566,1,Yagmurlu,11.0
SEFER-02134,TREN-172,HAT-14,2026-06-01 23:45:00,75,v2.1.0,M-4214,0,,2.7
SEFER-02135,TREN-116,HAT-02,2026-05-06 00:15:00,-42,v3.0.0,M-5509,0,yagmurlu,13.0
SEFER-02136,TREN-174,HAT-13,2026-06-15 15:00:00,226,v2.1.0,M-7685,0,Yagmurlu,62.0
SEFER-02137,TREN-116,HAT-11,2026-04-06 23:00:00,56,v2.1.0,M-5287,0,Sisli,25.2
SEFER-02138,TREN-150,HAT-11,2026-05-02 12:45:00,343,v2.4.1,M-1407,1,Sisli,19.5
SEFER-02139,TREN-164,HAT-15,2026-05-14 16:00:00,206,v2.4.1,M-7684,1,Sisli,44.2
SEFER-02140,TREN-133,HAT-01,2026-05-04 04:45:00,156,v2.4.1,M-4585,1,Karli,25.4
SEFER-02141,TREN-143,HAT-12,2026-01-12 10:30:00,331,v2.1.0,M-5385,0,yagmurlu,18.9
SEFER-02142,TREN-138,HAT-09,2026-05-07 18:15:00,385,v3.0.0,M-9102,0,yagmurlu,46.9
SEFER-02143,TREN-156,HAT-07,2026-05-22 21:30:00,65,v3.0.0,M-1074,1,,16.7
SEFER-02144,TREN-132,HAT-03,2026-05-13 04:45:00,161,v2.1.0,M-8055,1,,17.7
SEFER-02145,TREN-169,HAT-01,2026-03-03 00:00:00,213,v2.1.0,M-9716,1,Acik,4.5
SEFER-02146,TREN-152,HAT-08,29.01.2026 10:00,138,v3.0.0,M-8320,0,yagmurlu,22.2
SEFER-02147,TREN-163,HAT-15,2026-01-25 11:30:00,226,v2.1.0,M-1468,0,,9.9
SEFER-02148,TREN-154,HAT-03,2026-02-27 10:30:00,,v2.4.1,M-6627,0,Yagmurlu,19.7
SEFER-02149,TREN-124,HAT-09,2026-01-17 07:30:00,83,v2.1.0,M-4666,1,Yagmurlu,42.0
SEFER-02150,TREN-180,HAT-14,2026-05-23 07:30:00,421,v2.4.1,M-1478,1,Acik,11.2
SEFER-02151,TREN-122,HAT-07,2026-03-03 08:15:00,126,v2.1.0,M-6635,0,yagmurlu,23.7
SEFER-02152,TREN-107,HAT-09,2026-03-04 06:45:00,416,v1.0.4,M-5252,1,,4.3
SEFER-02153,TREN-106,HAT-13,2026-04-14 06:00:00,90,v2.4.1,M-6856,1,Sisli,26.0
SEFER-02154,TREN-129,HAT-12,2026-03-19 16:00:00,292,v3.0.0,M-4273,0,Yagmurlu,15.8
SEFER-02155,TREN-157,HAT-05,2026-03-08 00:00:00,94,v3.0.0,M-3732,1,,3.8
SEFER-02156,TREN-133,HAT-15,2026-01-18 13:15:00,,v3.0.0,M-7426,0,Karli,22.5
SEFER-02157,TREN-102,HAT-10,2026-04-17 07:00:00,358,v2.1.0,M-6505,0,Sisli,27.8
SEFER-02158,TREN-156,HAT-12,2026-03-26 13:00:00,,v2.1.0,M-3048,1,Karli,27.8
SEFER-02159,TREN-157,HAT-04,2026-04-26 17:00:00,160,v1.0.4,M-6055,1,Karli,40.2
SEFER-02160,TREN-112,HAT-11,20.02.2026 01:15,467,v2.1.0,M-3878,0,Yagmurlu,13.1
SEFER-02161,TREN-114,HAT-04,2026-02-13 19:15:00,276,v1.0.4,M-2805,1,Sisli,31.3
SEFER-02162,TREN-138,HAT-10,2026-01-05 09:30:00,93,v2.4.1,M-5075,1,yagmurlu,37.0
SEFER-02163,TREN-179,HAT-06,2026-02-08 15:00:00,488,v3.0.0,M-2944,0,Yagmurlu,18.9
SEFER-02164,TREN-142,HAT-01,2026-03-11 21:15:00,394,v2.4.1,M-2052,1,Sisli,24.3
SEFER-02165,TREN-128,HAT-14,2026-01-28 20:00:00,364,v3.0.0,M-4745,0,Acik,13.6
SEFER-02166,TREN-121,HAT-02,2026-04-12 13:15:00,452,v3.0.0,M-8930,0,Karli,20.8
SEFER-02167,TREN-104,HAT-06,2026-01-24 14:45:00,199,v1.0.4,M-7113,0,Karli,34.0
SEFER-02168,TREN-108,HAT-05,17.02.2026 00:30,140,v2.1.0,M-9099,0,Acik,1.4
SEFER-02169,TREN-128,HAT-12,2026-06-10 16:30:00,137,v3.0.0,M-1773,0,yagmurlu,11.8
SEFER-02170,TREN-107,HAT-05,2026-01-02 16:15:00,285,v2.1.0,M-4933,1,,4.3
SEFER-02171,TREN-170,HAT-09,17.01.2026 16:00,331,v1.0.4,M-6137,0,,1.4
SEFER-02172,TREN-132,HAT-04,18.02.2026 04:45,131,v2.1.0,M-6925,0,Yagmurlu,8.0
SEFER-02173,TREN-123,HAT-01,2026-05-12 19:15:00,435,v3.0.0,M-4641,1,,14.9
SEFER-02174,TREN-102,HAT-04,2026-04-02 23:00:00,175,v2.4.1,M-8964,1,,-999.0
SEFER-02175,TREN-162,HAT-03,09.01.2026 03:00,181,v3.0.0,M-1144,1,,12.6
SEFER-02176,TREN-115,HAT-07,2026-02-11 10:30:00,64,v2.4.1,M-2707,0,,11.1
SEFER-02177,TREN-128,HAT-08,02.01.2026 08:30,449,v2.4.1,M-6927,1,yagmurlu,32.0
SEFER-02178,TREN-147,HAT-07,2026-04-14 14:45:00,223,v3.0.0,M-8008,1,Sisli,32.3
SEFER-02179,TREN-111,HAT-04,2026-03-17 04:45:00,402,v2.1.0,M-7973,0,,7.0
SEFER-02180,TREN-175,HAT-06,2026-03-10 15:00:00,474,v2.1.0,M-1413,1,Sisli,40.7
SEFER-02181,TREN-147,HAT-08,05.02.2026 15:45,486,v1.0.4,M-3717,0,yagmurlu,14.5
SEFER-02182,TREN-128,HAT-11,2026-04-23 02:30:00,204,v2.1.0,M-9097,1,Karli,30.5
SEFER-02183,TREN-127,HAT-12,2026-02-07 12:00:00,86,v2.4.1,M-3852,0,Sisli,20.4
SEFER-02184,TREN-148,HAT-03,2026-02-20 16:15:00,322,v3.0.0,M-5291,1,,5.5
SEFER-02185,TREN-104,HAT-14,2026-02-12 23:45:00,339,v1.0.4,M-4546,1,Sisli,24.0
SEFER-02186,TREN-171,HAT-09,14.05.2026 06:15,162,v2.1.0,M-7579,0,Sisli,26.5
SEFER-02187,TREN-111,HAT-13,2026-03-01 01:15:00,411,v3.0.0,M-1944,1,yagmurlu,9.2
SEFER-02188,TREN-143,HAT-10,08.02.2026 07:30,75,v1.0.4,M-2342,1,Sisli,38.6
SEFER-02189,TREN-122,HAT-03,2026-03-29 21:15:00,148,v3.0.0,M-1875,1,Acik,0.9
SEFER-02190,TREN-143,HAT-11,2026-03-18 17:30:00,195,v1.0.4,M-6172,0,yagmurlu,27.5
SEFER-02191,TREN-118,HAT-02,2026-03-25 22:00:00,259,v1.0.4,M-9757,0,Karli,59.1
SEFER-02192,TREN-102,HAT-07,2026-01-14 09:45:00,487,v1.0.4,M-7683,0,,13.8
SEFER-02193,TREN-113,HAT-03,2026-04-13 00:45:00,230,v3.0.0,M-2693,1,Sisli,32.0
SEFER-02194,TREN-177,HAT-05,2026-04-15 03:45:00,309,v2.1.0,M-9610,0,Acik,0.9
SEFER-02195,TREN-151,HAT-09,2026-06-12 00:15:00,156,v3.0.0,M-9089,1,,17.3
SEFER-02196,TREN-125,HAT-13,2026-04-27 20:15:00,403,v2.1.0,M-2259,1,Yagmurlu,13.5
SEFER-02197,TREN-179,HAT-14,2026-04-01 04:30:00,,v1.0.4,M-4975,1,Acik,3.7
SEFER-02198,TREN-121,HAT-10,2026-03-03 05:30:00,307,v2.1.0,M-9981,0,Yagmurlu,12.2
SEFER-02199,TREN-120,HAT-08,2026-05-26 10:30:00,373,v2.4.1,M-2734,1,Yagmurlu,9.6
SEFER-02200,TREN-135,HAT-02,2026-05-23 12:15:00,84,v2.4.1,M-9086,1,,13.4
SEFER-02201,TREN-123,HAT-15,2026-06-09 19:00:00,411,v3.0.0,M-4821,1,Yagmurlu,23.2
SEFER-02202,TREN-146,HAT-05,2026-01-17 22:15:00,212,v1.0.4,M-4970,0,Yagmurlu,9.0
SEFER-02203,TREN-161,HAT-10,2026-03-10 12:30:00,383,v2.4.1,M-9820,1,yagmurlu,13.6
SEFER-02204,TREN-118,HAT-11,2026-02-17 14:00:00,359,v2.1.0,M-6384,0,Yagmurlu,20.1
SEFER-02205,TREN-154,HAT-07,28.03.2026 23:00,368,v1.0.4,M-8835,0,Sisli,17.1
SEFER-02206,TREN-116,HAT-08,2026-04-23 08:15:00,411,v2.1.0,M-5429,0,Yagmurlu,21.6
SEFER-02207,TREN-179,HAT-09,2026-05-31 08:15:00,,v2.1.0,M-8108,1,,34.3
SEFER-02208,TREN-140,HAT-15,2026-01-03 17:00:00,454,v2.4.1,M-3544,0,Karli,28.4
SEFER-02209,TREN-121,HAT-12,2026-02-17 22:15:00,53,v2.4.1,M-2488,0,,9.2
SEFER-02210,TREN-166,HAT-07,2026-04-23 10:00:00,190,v1.0.4,M-6061,1,Acik,9.5
SEFER-02211,TREN-145,HAT-04,2026-04-17 05:00:00,213,v2.4.1,M-2529,0,Karli,32.8
SEFER-02212,TREN-166,HAT-15,2026-05-21 23:15:00,470,v3.0.0,M-6235,1,Acik,0.3
SEFER-02213,TREN-124,HAT-12,09.04.2026 21:15,173,v3.0.0,M-3838,0,Sisli,19.8
SEFER-02214,TREN-173,HAT-06,2026-02-10 03:15:00,178,v2.1.0,M-1266,0,Acik,18.0
SEFER-02215,TREN-140,HAT-03,2026-02-18 02:15:00,394,v3.0.0,M-4134,0,Yagmurlu,15.2
SEFER-02216,TREN-139,HAT-11,2026-03-30 13:15:00,291,v3.0.0,M-8146,1,Karli,16.1
SEFER-02217,TREN-105,HAT-09,2026-03-16 10:30:00,177,v2.1.0,M-6402,1,,8.3
SEFER-02218,TREN-103,HAT-08,2026-02-16 03:15:00,345,v2.4.1,M-5456,1,Karli,16.8
SEFER-02219,TREN-102,HAT-04,2026-04-08 09:45:00,266,v1.0.4,M-8705,1,Karli,29.0
SEFER-02220,TREN-143,HAT-01,2026-02-14 09:45:00,153,v2.4.1,M-5488,0,Acik,10.4
SEFER-02221,TREN-171,HAT-09,2026-06-12 07:45:00,195,v3.0.0,M-9459,1,,23.1
SEFER-02222,TREN-156,HAT-08,2026-04-11 18:30:00,104,v1.0.4,M-8098,0,Sisli,37.0
SEFER-02223,TREN-111,HAT-14,2026-02-14 18:45:00,438,v3.0.0,M-2681,1,Yagmurlu,34.0
SEFER-02224,TREN-151,HAT-08,2026-05-22 18:30:00,50,v3.0.0,M-1327,0,,14.1
SEFER-02225,TREN-150,HAT-08,2026-04-24 06:30:00,399,v2.4.1,M-8126,1,Yagmurlu,10.3
SEFER-02226,TREN-103,HAT-15,2026-06-16 21:30:00,380,v2.1.0,M-8937,1,Karli,30.2
SEFER-02227,TREN-140,HAT-01,2026-01-24 09:30:00,272,v2.1.0,M-6425,1,Acik,16.4
SEFER-02228,TREN-116,HAT-05,2026-06-13 21:00:00,491,v3.0.0,M-8009,0,,19.6
SEFER-02229,TREN-149,HAT-14,2026-05-23 01:30:00,372,v2.4.1,M-5005,1,Sisli,29.3
SEFER-02230,TREN-172,HAT-14,2026-01-10 02:45:00,163,v1.0.4,M-3315,1,Acik,12.7
SEFER-02231,TREN-171,HAT-10,06.03.2026 15:30,382,v2.4.1,M-3415,1,Yagmurlu,8.0
SEFER-02232,TREN-159,HAT-06,2026-03-31 17:45:00,,v1.0.4,M-4183,1,Yagmurlu,22.9
SEFER-02233,TREN-128,HAT-05,2026-02-22 03:30:00,256,v2.1.0,M-4811,0,yagmurlu,23.2
SEFER-02234,TREN-169,HAT-02,2026-04-26 07:15:00,397,v1.0.4,M-8348,0,Sisli,25.9
SEFER-02235,TREN-116,HAT-15,2026-03-18 10:30:00,286,v2.1.0,M-7359,0,Sisli,16.9
SEFER-02236,TREN-151,HAT-08,2026-04-03 02:30:00,333,v3.0.0,M-7133,1,yagmurlu,14.7
SEFER-02237,TREN-137,HAT-11,2026-02-11 02:30:00,120,v3.0.0,M-5157,0,yagmurlu,12.4
SEFER-02238,TREN-131,HAT-08,2026-03-08 16:45:00,62,v3.0.0,M-7901,1,Karli,35.6
SEFER-02239,TREN-146,HAT-02,2026-02-22 20:45:00,88,v2.1.0,M-1973,0,Karli,29.0
SEFER-02240,TREN-105,HAT-11,2026-05-03 17:00:00,67,v2.1.0,M-4967,1,Sisli,29.7
SEFER-02241,TREN-134,HAT-06,2026-02-11 22:30:00,175,v2.1.0,M-7743,1,Karli,45.8
SEFER-02242,TREN-105,HAT-11,2026-04-27 21:00:00,,v1.0.4,M-2149,0,Sisli,15.3
SEFER-02243,TREN-132,HAT-14,2026-02-22 18:30:00,357,v3.0.0,M-6150,0,,24.5
SEFER-02244,TREN-112,HAT-09,2026-01-18 14:30:00,279,v2.4.1,M-8706,1,Karli,20.1
SEFER-02245,TREN-155,HAT-15,2026-01-17 02:45:00,193,v3.0.0,M-7281,0,,6.2
SEFER-02246,TREN-179,HAT-01,2026-05-07 14:30:00,225,v1.0.4,M-5525,0,yagmurlu,16.8
SEFER-02247,TREN-130,HAT-12,2026-02-09 18:00:00,145,v1.0.4,M-6169,1,Sisli,30.5
SEFER-02248,TREN-162,HAT-11,2026-02-11 13:45:00,179,v1.0.4,M-9715,1,Acik,4.4
SEFER-02249,TREN-149,HAT-01,2026-02-22 20:45:00,159,v3.0.0,M-9197,1,yagmurlu,16.9
SEFER-02250,TREN-122,HAT-05,2026-03-19 22:30:00,51,v1.0.4,M-1273,0,Yagmurlu,12.0
SEFER-02251,TREN-129,HAT-13,2026-03-28 08:45:00,92,v3.0.0,M-7776,1,yagmurlu,42.7
SEFER-02252,TREN-164,HAT-08,2026-02-21 20:00:00,237,v2.1.0,M-6821,1,Acik,7.0
SEFER-02253,TREN-126,HAT-05,2026-06-03 23:45:00,90,v2.4.1,M-3749,0,Karli,17.4
SEFER-02254,TREN-163,HAT-09,2026-04-14 01:30:00,367,v1.0.4,M-3798,1,Acik,16.5
SEFER-02255,TREN-143,HAT-06,2026-05-19 02:00:00,367,v1.0.4,M-4610,1,Yagmurlu,10.4
SEFER-02256,TREN-169,HAT-13,2026-06-13 04:00:00,71,v1.0.4,M-5230,1,,0.6
SEFER-02257,TREN-125,HAT-05,2026-01-22 22:15:00,402,v2.1.0,M-1852,0,yagmurlu,28.9
SEFER-02258,TREN-123,HAT-02,2026-03-30 03:30:00,201,v3.0.0,M-2443,0,Acik,46.2
SEFER-02259,TREN-132,HAT-02,2026-02-26 23:30:00,82,v2.4.1,M-5863,0,Karli,17.5
SEFER-02260,TREN-158,HAT-08,2026-04-02 04:00:00,74,v2.4.1,M-9995,1,yagmurlu,94.0
SEFER-02261,TREN-141,HAT-06,2026-03-20 04:45:00,171,v2.4.1,M-2960,0,,16.1
SEFER-02262,TREN-177,HAT-10,2026-01-18 00:15:00,356,v2.4.1,M-2344,0,Karli,19.2
SEFER-02263,TREN-103,HAT-07,2026-06-16 02:00:00,378,v1.0.4,M-9625,0,Sisli,26.7
SEFER-02264,TREN-121,HAT-11,2026-02-12 22:15:00,324,v2.1.0,M-3489,0,Yagmurlu,13.4
SEFER-02265,TREN-164,HAT-06,2026-06-08 14:45:00,477,v2.1.0,M-1499,0,yagmurlu,16.4
SEFER-02266,TREN-135,HAT-08,2026-04-09 00:00:00,-37,v2.4.1,M-9065,0,Yagmurlu,9.5
SEFER-02267,TREN-117,HAT-09,18.04.2026 07:45,124,v3.0.0,M-5379,1,Acik,10.5
SEFER-02268,TREN-179,HAT-08,2026-05-06 16:15:00,287,v2.4.1,M-6483,0,Acik,1.6
SEFER-02269,TREN-106,HAT-06,2026-04-26 18:00:00,373,v1.0.4,M-5719,0,yagmurlu,23.1
SEFER-02270,TREN-123,HAT-13,2026-06-09 21:15:00,233,v3.0.0,M-6588,0,Karli,36.8
SEFER-02271,TREN-175,HAT-01,2026-02-14 03:00:00,349,v2.4.1,M-4346,0,yagmurlu,12.0
SEFER-02272,TREN-113,HAT-15,2026-03-08 15:30:00,462,v3.0.0,M-7240,1,Yagmurlu,10.5
SEFER-02273,TREN-155,HAT-12,05.06.2026 18:15,76,v2.1.0,M-1377,0,Sisli,35.4
SEFER-02274,TREN-113,HAT-13,2026-05-05 07:15:00,-18,v3.0.0,M-2304,0,Sisli,42.8
SEFER-02275,TREN-128,HAT-09,2026-01-04 02:15:00,423,v2.4.1,M-5028,0,Karli,34.4
SEFER-02276,TREN-173,HAT-05,2026-02-22 19:00:00,182,v2.4.1,M-4823,1,Sisli,41.5
SEFER-02277,TREN-157,HAT-03,2026-04-06 23:15:00,426,v2.4.1,M-4621,0,Sisli,21.4
SEFER-02278,TREN-151,HAT-08,2026-01-02 14:30:00,256,v2.4.1,M-7225,0,,7.5
SEFER-02279,TREN-176,HAT-15,2026-01-29 17:30:00,323,v2.1.0,M-9790,0,,12.1
SEFER-02280,TREN-115,HAT-09,2026-02-07 12:15:00,273,v2.4.1,M-7920,1,yagmurlu,15.2
SEFER-02281,TREN-153,HAT-11,2026-03-26 18:00:00,215,v2.4.1,M-6332,1,yagmurlu,20.5
SEFER-02282,TREN-143,HAT-03,2026-01-14 19:15:00,294,v2.4.1,M-3599,1,Karli,47.8
SEFER-02283,TREN-136,HAT-09,2026-05-02 04:45:00,401,v3.0.0,M-3563,1,Acik,12.2
SEFER-02284,TREN-157,HAT-06,2026-05-11 01:00:00,454,v2.4.1,M-4670,1,yagmurlu,17.6
SEFER-02285,TREN-179,HAT-07,02.03.2026 22:30,378,v3.0.0,M-8218,1,Sisli,18.7
SEFER-02286,TREN-131,HAT-15,2026-05-04 13:00:00,,v2.1.0,M-1999,0,Yagmurlu,12.3
SEFER-02287,TREN-151,HAT-13,02.02.2026 23:00,344,v2.4.1,M-3368,0,Sisli,25.6
SEFER-02288,TREN-168,HAT-05,2026-05-10 20:15:00,135,v2.4.1,M-8141,0,Sisli,19.8
SEFER-02289,TREN-111,HAT-13,2026-04-19 09:00:00,150,v2.4.1,M-4590,1,Karli,33.1
SEFER-02290,TREN-131,HAT-06,2026-05-16 20:45:00,103,v1.0.4,M-6653,0,Karli,18.9
SEFER-02291,TREN-175,HAT-03,02.06.2026 13:45,298,v3.0.0,M-3257,1,Karli,41.8
SEFER-02292,TREN-118,HAT-01,2026-04-18 14:30:00,406,v2.1.0,M-9695,1,Karli,24.8
SEFER-02293,TREN-153,HAT-08,2026-05-07 08:15:00,71,v2.4.1,M-6258,0,Yagmurlu,57.7
SEFER-02294,TREN-172,HAT-04,2026-05-28 04:00:00,497,v2.1.0,M-7328,0,Karli,23.0
SEFER-02295,TREN-154,HAT-05,2026-02-07 09:30:00,186,v1.0.4,M-8872,1,Karli,-999.0
SEFER-02296,TREN-111,HAT-11,2026-05-14 14:00:00,,v2.4.1,M-5897,0,Sisli,19.7
SEFER-02297,TREN-140,HAT-10,2026-05-14 11:15:00,269,v2.1.0,M-9476,1,Karli,24.7
SEFER-02298,TREN-174,HAT-08,2026-02-16 16:45:00,449,v1.0.4,M-6925,1,Karli,23.7
SEFER-02299,TREN-139,HAT-12,2026-04-15 19:30:00,376,v3.0.0,M-9071,0,Karli,27.5
SEFER-02300,TREN-144,HAT-14,2026-03-12 07:15:00,474,v1.0.4,M-8976,1,yagmurlu,21.1
SEFER-02301,TREN-131,HAT-05,2026-05-28 21:00:00,287,v1.0.4,M-2798,0,Sisli,16.3
SEFER-02302,TREN-143,HAT-11,2026-02-13 07:45:00,197,v1.0.4,M-5299,1,yagmurlu,50.4
SEFER-02303,TREN-118,HAT-03,2026-03-02 09:30:00,255,v3.0.0,M-6062,0,Karli,26.1
SEFER-02304,TREN-151,HAT-09,2026-02-26 08:30:00,210,v2.4.1,M-7109,1,Yagmurlu,20.7
SEFER-02305,TREN-171,HAT-01,2026-05-23 14:30:00,476,v3.0.0,M-7593,0,Sisli,19.5
SEFER-02306,TREN-120,HAT-13,2026-06-03 11:30:00,149,v2.4.1,M-8275,0,Sisli,16.8
SEFER-02307,TREN-139,HAT-01,2026-03-21 14:00:00,277,v3.0.0,M-9014,0,,12.6
SEFER-02308,TREN-138,HAT-02,2026-04-06 03:30:00,71,v2.4.1,M-7108,1,yagmurlu,20.5
SEFER-02309,TREN-105,HAT-02,2026-03-21 00:00:00,101,v1.0.4,M-1644,0,Acik,0.8
SEFER-02310,TREN-157,HAT-12,2026-01-07 06:45:00,188,v2.1.0,M-9667,1,yagmurlu,8.3
SEFER-02311,TREN-141,HAT-11,2026-01-17 22:45:00,433,v3.0.0,M-8293,1,Karli,23.6
SEFER-02312,TREN-132,HAT-06,2026-02-04 00:45:00,500,v3.0.0,M-1745,1,,15.9
SEFER-02313,TREN-108,HAT-08,2026-01-23 02:15:00,448,v2.4.1,M-2744,0,Acik,34.1
SEFER-02314,TREN-179,HAT-01,2026-01-13 22:30:00,488,v2.1.0,M-8081,1,Karli,16.8
SEFER-02315,TREN-129,HAT-06,2026-03-24 03:45:00,82,v2.1.0,M-1180,0,,3.1
SEFER-02316,TREN-159,HAT-11,2026-05-04 06:15:00,273,v1.0.4,M-9415,0,Karli,23.2
SEFER-02317,TREN-144,HAT-03,2026-06-12 03:45:00,464,v1.0.4,M-3318,1,yagmurlu,37.2
SEFER-02318,TREN-155,HAT-10,2026-01-18 22:00:00,150,v2.1.0,M-6280,0,Yagmurlu,8.8
SEFER-02319,TREN-149,HAT-02,2026-06-07 19:00:00,329,v2.4.1,M-6015,1,yagmurlu,34.4
SEFER-02320,TREN-141,HAT-08,2026-06-14 17:30:00,240,v2.4.1,M-5590,1,,12.4
SEFER-02321,TREN-110,HAT-02,2026-03-31 03:00:00,390,v3.0.0,M-4073,0,,4.2
SEFER-02322,TREN-144,HAT-03,2026-01-11 03:15:00,326,v3.0.0,M-9404,1,Acik,11.7
SEFER-02323,TREN-113,HAT-09,2026-05-14 03:30:00,183,v1.0.4,M-5276,0,Sisli,26.1
SEFER-02324,TREN-126,HAT-04,2026-02-25 11:30:00,106,v3.0.0,M-1187,0,Yagmurlu,13.9
SEFER-02325,TREN-101,HAT-09,2026-03-24 10:45:00,297,v3.0.0,M-8916,1,Acik,-999.0
SEFER-02326,TREN-114,HAT-09,2026-02-10 17:45:00,241,v1.0.4,M-7816,0,Acik,16.6
SEFER-02327,TREN-113,HAT-08,2026-01-26 09:00:00,314,v1.0.4,M-9208,1,Sisli,33.2
SEFER-02328,TREN-174,HAT-04,2026-01-08 21:15:00,248,v2.4.1,M-8035,1,Karli,25.6
SEFER-02329,TREN-139,HAT-02,2026-04-11 17:00:00,400,v2.4.1,M-1543,1,Yagmurlu,27.4
SEFER-02330,TREN-102,HAT-04,2026-02-21 04:15:00,108,v1.0.4,M-3021,0,,32.5
SEFER-02331,TREN-148,HAT-09,2026-04-09 04:00:00,122,v3.0.0,M-5542,0,yagmurlu,13.0
SEFER-02332,TREN-116,HAT-06,07.06.2026 15:15,253,v2.1.0,M-7578,0,,1.5
SEFER-02333,TREN-118,HAT-03,2026-01-20 13:45:00,62,v2.4.1,M-9427,0,yagmurlu,20.3
SEFER-02334,TREN-119,HAT-14,2026-05-25 03:15:00,329,v2.1.0,M-2354,0,Yagmurlu,22.1
SEFER-02335,TREN-153,HAT-06,2026-03-18 19:15:00,93,v3.0.0,M-4566,1,Sisli,28.7
SEFER-02336,TREN-116,HAT-01,2026-05-30 18:15:00,463,v2.1.0,M-2421,1,Acik,11.6
SEFER-02337,TREN-148,HAT-09,2026-06-12 15:45:00,-15,v3.0.0,M-2637,1,Karli,31.5
SEFER-02338,TREN-164,HAT-02,2026-05-27 12:45:00,226,v2.4.1,M-2207,0,Sisli,21.9
SEFER-02339,TREN-133,HAT-15,09.06.2026 10:45,250,v2.4.1,M-4421,0,Karli,22.8
SEFER-02340,TREN-158,HAT-07,2026-04-06 14:30:00,441,v3.0.0,M-1993,0,Sisli,21.1
SEFER-02341,TREN-150,HAT-05,2026-02-08 13:30:00,481,v3.0.0,M-4820,0,,26.8
SEFER-02342,TREN-161,HAT-13,2026-02-10 14:00:00,347,v3.0.0,M-6461,1,Sisli,28.8
SEFER-02343,TREN-134,HAT-14,2026-02-28 07:00:00,193,v3.0.0,M-4558,0,yagmurlu,37.6
SEFER-02344,TREN-170,HAT-02,01.03.2026 00:45,198,v2.4.1,M-5897,1,Yagmurlu,14.6
SEFER-02345,TREN-153,HAT-14,2026-01-21 06:00:00,344,v2.4.1,M-5750,1,Sisli,20.0
SEFER-02346,TREN-154,HAT-06,2026-03-20 23:15:00,127,v2.4.1,M-9305,1,Yagmurlu,12.9
SEFER-02347,TREN-135,HAT-11,2026-01-05 11:15:00,182,v3.0.0,M-1186,1,,4.8
SEFER-02348,TREN-149,HAT-12,2026-04-11 23:15:00,417,v3.0.0,M-9976,1,Sisli,15.7
SEFER-02349,TREN-105,HAT-10,2026-05-12 05:45:00,274,v2.1.0,M-7656,0,yagmurlu,12.7
SEFER-02350,TREN-149,HAT-04,2026-03-27 01:45:00,463,v1.0.4,M-8172,0,Sisli,15.7
SEFER-02351,TREN-146,HAT-02,2026-01-23 10:45:00,66,v2.1.0,M-5709,0,Sisli,22.8
SEFER-02352,TREN-121,HAT-04,03.02.2026 02:15,365,v3.0.0,M-1369,1,yagmurlu,34.5
SEFER-02353,TREN-104,HAT-14,2026-05-26 00:45:00,412,v2.4.1,M-3138,0,Yagmurlu,-999.0
SEFER-02354,TREN-144,HAT-08,2026-04-03 00:45:00,206,v3.0.0,M-1795,0,Acik,1.5
SEFER-02355,TREN-149,HAT-14,2026-06-10 17:30:00,334,v2.4.1,M-5020,0,Karli,28.4
SEFER-02356,TREN-115,HAT-10,2026-04-19 01:00:00,209,v2.1.0,M-8275,1,Yagmurlu,-999.0
SEFER-02357,TREN-139,HAT-03,2026-03-04 13:30:00,490,v3.0.0,M-9918,1,Sisli,23.0
SEFER-02358,TREN-104,HAT-11,2026-02-01 01:00:00,116,v3.0.0,M-1560,0,Yagmurlu,9.3
SEFER-02359,TREN-180,HAT-12,2026-06-04 11:30:00,156,v3.0.0,M-9593,1,yagmurlu,22.9
SEFER-02360,TREN-121,HAT-15,2026-06-01 09:45:00,89,v2.4.1,M-7696,0,Karli,41.2
SEFER-02361,TREN-174,HAT-14,2026-01-20 13:45:00,208,v2.1.0,M-3994,0,Karli,-999.0
SEFER-02362,TREN-161,HAT-01,04.01.2026 13:30,,v1.0.4,M-3458,0,yagmurlu,14.7
SEFER-02363,TREN-119,HAT-11,28.01.2026 10:00,234,v3.0.0,M-5512,1,Karli,19.6
SEFER-02364,TREN-180,HAT-03,23.04.2026 15:00,257,v1.0.4,M-2600,1,Sisli,16.4
SEFER-02365,TREN-122,HAT-07,2026-04-27 11:45:00,76,v3.0.0,M-9758,1,Yagmurlu,28.2
SEFER-02366,TREN-138,HAT-12,2026-04-03 21:15:00,240,v2.1.0,M-4541,1,yagmurlu,38.4
SEFER-02367,TREN-169,HAT-12,2026-04-21 04:00:00,492,v2.1.0,M-4753,0,Karli,19.1
SEFER-02368,TREN-152,HAT-08,2026-01-14 03:30:00,306,v1.0.4,M-2567,1,,1.1
SEFER-02369,TREN-106,HAT-12,2026-01-19 11:45:00,297,v2.4.1,M-2206,0,,1.4
SEFER-02370,TREN-106,HAT-02,2026-05-26 00:15:00,114,v3.0.0,M-1061,1,Yagmurlu,10.6
SEFER-02371,TREN-174,HAT-11,2026-05-26 11:15:00,308,v2.4.1,M-6287,0,Yagmurlu,17.0
SEFER-02372,TREN-110,HAT-07,2026-05-25 00:15:00,92,v3.0.0,M-6476,1,Karli,24.2
SEFER-02373,TREN-139,HAT-12,2026-05-27 21:00:00,143,v2.1.0,M-7750,0,Karli,23.2
SEFER-02374,TREN-150,HAT-03,2026-03-01 06:00:00,404,v3.0.0,M-8365,0,Acik,2.0
SEFER-02375,TREN-156,HAT-12,2026-05-15 23:45:00,182,v2.4.1,M-5985,1,Karli,17.1
SEFER-02376,TREN-167,HAT-08,2026-01-29 08:45:00,257,v1.0.4,M-3567,0,,29.1
SEFER-02377,TREN-129,HAT-05,2026-06-08 15:00:00,291,v1.0.4,M-1816,1,yagmurlu,28.0
SEFER-02378,TREN-102,HAT-10,2026-01-12 11:45:00,294,v3.0.0,M-7257,0,Sisli,16.4
SEFER-02379,TREN-117,HAT-06,2026-02-14 21:15:00,450,v1.0.4,M-5397,0,yagmurlu,10.6
SEFER-02380,TREN-113,HAT-11,2026-02-26 22:15:00,413,v2.1.0,M-7488,1,Acik,13.9
SEFER-02381,TREN-109,HAT-05,2026-03-26 02:30:00,56,v2.1.0,M-4649,0,Acik,10.1
SEFER-02382,TREN-143,HAT-10,2026-04-01 06:30:00,130,v2.4.1,M-7836,1,yagmurlu,15.7
SEFER-02383,TREN-162,HAT-13,2026-03-23 14:00:00,354,v2.1.0,M-5934,1,Acik,15.6
SEFER-02384,TREN-131,HAT-07,25.02.2026 14:00,359,v1.0.4,M-8083,1,yagmurlu,8.2
SEFER-02385,TREN-159,HAT-07,2026-01-12 18:30:00,300,v2.4.1,M-5256,0,Yagmurlu,36.5
SEFER-02386,TREN-137,HAT-03,2026-04-20 16:15:00,356,v3.0.0,M-8256,1,Yagmurlu,20.9
SEFER-02387,TREN-135,HAT-10,2026-02-08 14:15:00,344,v2.1.0,M-4001,1,Sisli,23.9
SEFER-02388,TREN-123,HAT-09,2026-03-22 06:15:00,473,v1.0.4,M-8887,0,yagmurlu,9.0
SEFER-02389,TREN-136,HAT-06,12.02.2026 16:15,266,v2.4.1,M-8793,1,Karli,16.1
SEFER-02390,TREN-103,HAT-11,2026-04-08 12:30:00,130,v2.4.1,M-2189,1,Acik,2.8
SEFER-02391,TREN-107,HAT-03,2026-02-12 16:15:00,299,v2.4.1,M-9754,1,,0.9
SEFER-02392,TREN-107,HAT-13,2026-04-11 13:30:00,189,v2.4.1,M-6585,1,Yagmurlu,9.7
SEFER-02393,TREN-140,HAT-02,2026-01-14 16:15:00,94,v1.0.4,M-8967,0,Yagmurlu,11.9
SEFER-02394,TREN-176,HAT-02,2026-05-25 08:15:00,226,v2.4.1,M-5160,0,Acik,14.3
SEFER-02395,TREN-179,HAT-12,2026-05-30 11:45:00,489,v3.0.0,M-8081,0,Karli,19.4
SEFER-02396,TREN-123,HAT-09,2026-04-19 01:15:00,58,v1.0.4,M-9789,1,Sisli,16.3
SEFER-02397,TREN-156,HAT-04,24.02.2026 04:15,284,v2.4.1,M-3520,0,Sisli,43.1
SEFER-02398,TREN-141,HAT-10,2026-04-07 05:45:00,383,v1.0.4,M-6014,0,Sisli,24.1
SEFER-02399,TREN-128,HAT-12,14.06.2026 19:45,71,v1.0.4,M-2288,1,,24.5
SEFER-02400,TREN-154,HAT-12,2026-01-17 15:00:00,298,v2.1.0,M-1626,1,yagmurlu,15.4
SEFER-02401,TREN-151,HAT-11,2026-01-20 19:45:00,108,v2.4.1,M-2451,1,Sisli,59.1
SEFER-02402,TREN-154,HAT-15,2026-04-12 22:00:00,388,v2.1.0,M-7229,1,yagmurlu,12.8
SEFER-02403,TREN-123,HAT-09,2026-01-07 02:00:00,299,v1.0.4,M-5757,1,Yagmurlu,25.4
SEFER-02404,TREN-120,HAT-11,2026-02-03 05:45:00,59,v1.0.4,M-9740,0,Sisli,22.3
SEFER-02405,TREN-107,HAT-13,2026-03-10 13:45:00,356,v1.0.4,M-5182,1,yagmurlu,17.9
SEFER-02406,TREN-137,HAT-10,2026-04-04 21:15:00,183,v3.0.0,M-7208,1,Sisli,21.6
SEFER-02407,TREN-158,HAT-06,2026-01-12 22:30:00,93,v2.4.1,M-6987,1,Sisli,18.6
SEFER-02408,TREN-127,HAT-05,2026-02-12 17:00:00,385,v1.0.4,M-1530,0,Sisli,27.4
SEFER-02409,TREN-145,HAT-09,2026-05-23 17:30:00,159,v3.0.0,M-4964,0,Yagmurlu,32.7
SEFER-02410,TREN-126,HAT-02,2026-03-06 20:45:00,353,v2.4.1,M-9970,1,Yagmurlu,26.3
SEFER-02411,TREN-120,HAT-01,2026-05-26 16:00:00,120,v2.4.1,M-1389,0,Karli,46.1
SEFER-02412,TREN-144,HAT-05,2026-04-11 22:00:00,68,v2.1.0,M-9126,1,,8.3
SEFER-02413,TREN-159,HAT-04,2026-03-31 01:45:00,250,v2.4.1,M-5075,0,Yagmurlu,8.1
SEFER-02414,TREN-108,HAT-01,2026-01-06 08:00:00,364,v1.0.4,M-9056,1,Karli,34.6
SEFER-02415,TREN-114,HAT-08,2026-04-08 05:45:00,436,v2.1.0,M-6885,0,Sisli,16.7
SEFER-02416,TREN-167,HAT-10,2026-05-17 12:45:00,281,v2.1.0,M-3087,0,Karli,25.0
SEFER-02417,TREN-105,HAT-03,08.02.2026 13:30,289,v1.0.4,M-4022,1,Sisli,34.2
SEFER-02418,TREN-111,HAT-11,2026-03-05 05:00:00,314,v1.0.4,M-6518,0,,1.8
SEFER-02419,TREN-153,HAT-07,2026-03-15 20:00:00,485,v2.4.1,M-5512,1,Yagmurlu,10.5
SEFER-02420,TREN-179,HAT-01,2026-04-10 20:45:00,217,v2.4.1,M-5960,1,Yagmurlu,14.4
SEFER-02421,TREN-120,HAT-01,2026-01-25 22:15:00,334,v3.0.0,M-4135,0,Yagmurlu,10.9
SEFER-02422,TREN-132,HAT-14,2026-03-21 00:15:00,71,v1.0.4,M-9732,0,Yagmurlu,36.7
SEFER-02423,TREN-120,HAT-07,2026-04-27 03:45:00,184,v3.0.0,M-1104,1,Acik,9.3
SEFER-02424,TREN-111,HAT-01,2026-02-15 06:45:00,497,v1.0.4,M-3051,1,yagmurlu,16.4
SEFER-02425,TREN-149,HAT-11,2026-04-26 17:15:00,259,v2.4.1,M-2038,0,yagmurlu,26.0
SEFER-02426,TREN-129,HAT-05,14.01.2026 15:30,314,v1.0.4,M-6112,0,Acik,1.2
SEFER-02427,TREN-144,HAT-15,2026-01-15 21:15:00,277,v3.0.0,M-1631,1,yagmurlu,19.0
SEFER-02428,TREN-154,HAT-01,2026-04-08 23:30:00,247,v3.0.0,M-9627,0,Sisli,16.1
SEFER-02429,TREN-109,HAT-01,2026-02-04 00:00:00,440,v2.1.0,M-8499,1,Sisli,18.2
SEFER-02430,TREN-161,HAT-10,2026-02-16 02:00:00,163,v2.4.1,M-5231,1,Yagmurlu,27.5
SEFER-02431,TREN-101,HAT-10,2026-06-11 02:15:00,167,v2.4.1,M-2457,0,Sisli,28.8
SEFER-02432,TREN-152,HAT-05,2026-01-13 08:00:00,-11,v2.1.0,M-2070,0,Sisli,39.2
SEFER-02433,TREN-145,HAT-08,2026-06-08 04:45:00,68,v3.0.0,M-6444,1,Acik,0.3
SEFER-02434,TREN-153,HAT-13,2026-01-17 09:15:00,248,v2.4.1,M-9536,1,Karli,25.2
SEFER-02435,TREN-160,HAT-10,2026-02-21 12:45:00,467,v1.0.4,M-8656,0,yagmurlu,16.9
SEFER-02436,TREN-132,HAT-07,19.05.2026 04:00,,v1.0.4,M-8282,1,Sisli,-999.0
SEFER-02437,TREN-129,HAT-11,2026-03-24 06:30:00,151,v3.0.0,M-9647,0,Yagmurlu,24.9
SEFER-02438,TREN-115,HAT-15,2026-06-01 06:00:00,438,v2.4.1,M-1387,0,Sisli,32.8
SEFER-02439,TREN-112,HAT-05,19.02.2026 03:30,232,v2.4.1,M-4726,0,Karli,33.9
SEFER-02440,TREN-130,HAT-11,2026-04-24 05:30:00,409,v1.0.4,M-8865,0,Karli,19.7
SEFER-02441,TREN-128,HAT-12,2026-02-10 05:30:00,-49,v2.1.0,M-7303,1,Acik,3.7
SEFER-02442,TREN-145,HAT-04,2026-05-04 00:45:00,364,v1.0.4,M-8445,0,Sisli,25.4
SEFER-02443,TREN-173,HAT-14,2026-02-22 00:45:00,309,v2.1.0,M-6717,1,Sisli,27.6
SEFER-02444,TREN-143,HAT-11,2026-02-11 19:15:00,248,v1.0.4,M-4955,1,yagmurlu,24.0
SEFER-02445,TREN-174,HAT-04,2026-05-16 06:00:00,361,v1.0.4,M-6984,1,Sisli,20.8
SEFER-02446,TREN-172,HAT-11,2026-01-18 12:45:00,286,v1.0.4,M-7366,0,yagmurlu,9.3
SEFER-02447,TREN-144,HAT-01,2026-03-09 08:15:00,184,v3.0.0,M-1255,0,Sisli,28.6
SEFER-02448,TREN-138,HAT-11,2026-04-18 11:30:00,-15,v2.1.0,M-8789,0,yagmurlu,20.6
SEFER-02449,TREN-170,HAT-07,2026-03-10 02:15:00,476,v2.1.0,M-7380,0,,0.6
SEFER-02450,TREN-101,HAT-01,2026-04-25 01:00:00,106,v2.4.1,M-7948,0,,14.7
SEFER-02451,TREN-154,HAT-02,2026-05-25 15:45:00,179,v2.1.0,M-2437,0,,9.8
SEFER-02452,TREN-101,HAT-01,2026-04-26 00:15:00,487,v1.0.4,M-7633,1,Karli,26.0
SEFER-02453,TREN-117,HAT-04,26.04.2026 06:15,184,v3.0.0,M-5014,1,yagmurlu,9.3
SEFER-02454,TREN-147,HAT-06,04.05.2026 22:45,86,v1.0.4,M-7728,0,yagmurlu,15.9
SEFER-02455,TREN-111,HAT-09,2026-05-05 08:45:00,246,v2.1.0,M-1476,0,Acik,20.2
SEFER-02456,TREN-125,HAT-07,2026-02-14 22:00:00,172,v1.0.4,M-7780,1,Sisli,22.1
SEFER-02457,TREN-156,HAT-05,2026-01-03 19:15:00,391,v2.1.0,M-6624,0,Acik,22.5
SEFER-02458,TREN-169,HAT-03,2026-06-01 09:45:00,139,v2.4.1,M-6257,0,Sisli,46.9
SEFER-02459,TREN-124,HAT-06,2026-02-01 19:45:00,400,v3.0.0,M-9882,1,yagmurlu,21.3
SEFER-02460,TREN-165,HAT-02,30.05.2026 02:00,163,v1.0.4,M-6250,1,Yagmurlu,8.5
SEFER-02461,TREN-162,HAT-02,2026-05-24 18:30:00,395,v3.0.0,M-3734,1,,25.2
SEFER-02462,TREN-168,HAT-08,2026-06-08 19:00:00,100,v2.4.1,M-7392,0,,11.6
SEFER-02463,TREN-160,HAT-03,2026-01-21 02:45:00,253,v2.1.0,M-6308,1,Sisli,27.9
SEFER-02464,TREN-110,HAT-09,2026-05-17 03:00:00,386,v3.0.0,M-4725,1,yagmurlu,16.9
SEFER-02465,TREN-174,HAT-04,2026-04-13 22:30:00,211,v2.1.0,M-5175,1,Karli,15.7
SEFER-02466,TREN-135,HAT-11,15.01.2026 19:00,250,v3.0.0,M-3431,1,Sisli,25.1
SEFER-02467,TREN-151,HAT-11,2026-03-21 06:45:00,334,v2.1.0,M-1501,0,Karli,28.1
SEFER-02468,TREN-170,HAT-01,2026-03-03 22:45:00,,v2.1.0,M-5140,0,yagmurlu,20.0
SEFER-02469,TREN-166,HAT-08,2026-02-08 08:15:00,,v2.1.0,M-2363,0,Sisli,36.5
SEFER-02470,TREN-157,HAT-04,2026-05-03 11:45:00,198,v3.0.0,M-3191,0,yagmurlu,12.3
SEFER-02471,TREN-109,HAT-10,2026-03-18 21:00:00,290,v2.1.0,M-9029,1,Karli,32.7
SEFER-02472,TREN-127,HAT-11,09.03.2026 18:30,424,v1.0.4,M-1300,1,Karli,29.4
SEFER-02473,TREN-111,HAT-01,2026-03-29 20:00:00,443,v2.1.0,M-4407,0,Karli,27.4
SEFER-02474,TREN-102,HAT-04,2026-03-13 15:00:00,173,v2.1.0,M-1046,0,Karli,15.4
SEFER-02475,TREN-135,HAT-11,2026-01-25 13:30:00,463,v2.1.0,M-1493,0,Yagmurlu,16.5
SEFER-02476,TREN-154,HAT-12,2026-03-09 21:15:00,451,v3.0.0,M-6006,0,Sisli,24.5
SEFER-02477,TREN-132,HAT-04,2026-05-27 16:00:00,179,v3.0.0,M-7405,1,Acik,28.6
SEFER-02478,TREN-175,HAT-08,2026-01-01 23:00:00,453,v2.4.1,M-2556,1,,4.0
SEFER-02479,TREN-153,HAT-05,2026-01-25 14:45:00,51,v2.4.1,M-1099,1,yagmurlu,9.4
SEFER-02480,TREN-103,HAT-11,2026-04-15 07:45:00,262,v1.0.4,M-6405,0,Acik,23.1
SEFER-02481,TREN-143,HAT-06,2026-01-28 12:15:00,456,v2.1.0,M-8471,1,yagmurlu,35.4
SEFER-02482,TREN-139,HAT-04,2026-03-01 22:30:00,485,v2.1.0,M-6568,0,,3.7
SEFER-02483,TREN-177,HAT-06,09.01.2026 05:00,447,v3.0.0,M-3974,1,Yagmurlu,25.0
SEFER-02484,TREN-158,HAT-12,2026-04-03 23:15:00,277,v2.1.0,M-1325,1,Karli,22.6
SEFER-02485,TREN-146,HAT-13,2026-06-04 06:00:00,110,v2.4.1,M-3150,0,yagmurlu,13.7
SEFER-02486,TREN-178,HAT-15,2026-02-07 19:30:00,404,v2.1.0,M-1740,1,Karli,35.8
SEFER-02487,TREN-146,HAT-10,2026-03-11 16:45:00,360,v3.0.0,M-9982,0,Acik,1.1
SEFER-02488,TREN-103,HAT-12,2026-02-22 09:30:00,276,v1.0.4,M-2437,1,Karli,28.9
SEFER-02489,TREN-101,HAT-09,2026-04-08 12:30:00,69,v2.1.0,M-3974,0,Acik,21.1
SEFER-02490,TREN-127,HAT-04,06.03.2026 22:45,150,v1.0.4,M-3128,0,Karli,21.1
SEFER-02491,TREN-101,HAT-11,2026-06-07 09:45:00,429,v3.0.0,M-3074,1,Acik,23.8
SEFER-02492,TREN-114,HAT-11,2026-06-04 22:30:00,450,v2.4.1,M-3384,1,Yagmurlu,10.4
SEFER-02493,TREN-172,HAT-14,2026-04-16 04:45:00,445,v3.0.0,M-7486,0,Karli,30.0
SEFER-02494,TREN-107,HAT-12,2026-06-05 10:00:00,304,v2.4.1,M-5533,1,yagmurlu,11.3
SEFER-02495,TREN-160,HAT-11,2026-06-03 23:30:00,106,v2.1.0,M-7980,0,Acik,6.0
SEFER-02496,TREN-150,HAT-11,2026-05-12 20:30:00,443,v1.0.4,M-7406,0,Sisli,32.7
SEFER-02497,TREN-134,HAT-04,2026-02-28 10:15:00,370,v1.0.4,M-8570,1,,12.4
SEFER-02498,TREN-147,HAT-09,2026-05-27 04:30:00,394,v1.0.4,M-7199,1,Sisli,19.0
SEFER-02499,TREN-168,HAT-05,2026-05-21 20:15:00,300,v1.0.4,M-8634,1,,2.4
SEFER-02500,TREN-150,HAT-02,2026-05-31 11:15:00,,v2.1.0,M-7355,0,,0.0
